target_var,feature_1,feature_2,feature_3,feature_4,feature_5,feature_6,feature_7,feature_8,feature_9
1,211.3375,0,0,bigollo-16,blue,29.0,1,sigma,112.87794148245936
1,151.55,2,1,cantor-33,pink,0.9167,1,sigma,60.291423340617406
0,151.55,2,1,cantor-33,blue,2.0,1,sigma,143.79410265574725
0,151.55,2,1,cantor-33,pink,30.0,1,sigma,131.27835242517
0,151.55,2,1,cantor-33,blue,25.0,1,sigma,204.41571605575584
1,26.55,0,0,euler-23,pink,48.0,1,sigma,75.97058173624448
1,77.9583,0,1,descrates-18,blue,63.0,1,sigma,125.8535205910631
0,0.0,0,0,allen-47,pink,39.0,1,sigma,103.63740081236631
1,51.4792,0,2,cantor-112,blue,53.0,1,sigma,94.42563651108387
0,49.5042,0,0,,pink,71.0,1,gamma,85.68763645367592
0,227.525,0,1,cantor-73,pink,47.0,1,gamma,125.17225556384442
1,227.525,0,1,cantor-73,blue,18.0,1,gamma,95.1348996441715
1,69.3,0,0,bigollo-46,blue,24.0,1,gamma,128.45502587420586
1,78.85,0,0,,blue,26.0,1,sigma,65.65728633892198
1,30.0,0,0,allen-34,pink,80.0,1,sigma,115.14475383706588
0,25.925,0,0,,pink,,1,sigma,192.91762216650966
0,247.5208,1,0,bigollo-69,pink,24.0,1,gamma,108.70464343427172
1,247.5208,1,0,bigollo-69,blue,50.0,1,gamma,165.23308313090325
1,76.2917,0,0,descrates-26,blue,32.0,1,gamma,154.37052776974133
0,75.2417,0,0,cantor-17,pink,36.0,1,gamma,52.23777638855894
1,52.5542,1,1,descrates-46,pink,37.0,1,sigma,135.94645275188827
1,52.5542,1,1,descrates-46,blue,47.0,1,sigma,171.90508613626167
1,30.0,0,0,cantor-159,pink,26.0,1,gamma,118.87276134238581
1,227.525,0,0,,blue,42.0,1,gamma,137.31947708191638
1,221.7792,0,0,cantor-108,blue,29.0,1,sigma,130.3675802891501
0,26.0,0,0,,pink,25.0,1,gamma,176.91145597771185
1,91.0792,0,1,bigollo-60,pink,25.0,1,gamma,-19.1778938586084
1,91.0792,0,1,bigollo-60,blue,19.0,1,gamma,90.11581921577114
1,135.6333,0,0,cantor-110,blue,35.0,1,sigma,162.2513916417574
1,26.55,0,0,cantor-63,pink,28.0,1,sigma,94.82114754355793
0,35.5,0,0,turing,pink,45.0,1,sigma,103.26682076906187
1,31.0,0,0,allen-42,pink,40.0,1,gamma,42.58569385811074
1,164.8667,0,0,cantor-18,blue,30.0,1,sigma,188.74843361063387
1,26.55,0,0,cantor-114,blue,58.0,1,sigma,20.892798616636114
0,26.55,0,0,descrates-33,pink,42.0,1,sigma,177.15550028208384
1,262.375,0,0,,blue,45.0,1,gamma,117.8283105758744
1,55.0,1,0,euler-44,blue,22.0,1,sigma,121.90322704488304
1,26.55,0,0,,pink,,1,sigma,100.45152245217403
0,30.5,0,0,allen-32,pink,41.0,1,sigma,126.11006394990676
0,50.4958,0,0,bigollo-21,pink,48.0,1,gamma,50.03614696041312
0,39.6,0,0,,pink,,1,gamma,93.38214306187982
1,27.7208,0,0,bigollo-15,blue,44.0,1,gamma,113.36988595832426
1,51.4792,0,2,cantor-112,blue,59.0,1,sigma,122.8531319321468
1,76.2917,0,0,descrates-26,blue,60.0,1,gamma,102.97729172441825
1,134.5,0,0,euler-51,blue,41.0,1,gamma,149.4213526790652
0,26.55,0,0,bigollo-49,pink,45.0,1,sigma,124.2751275255735
0,31.0,0,0,,pink,,1,sigma,164.66852780155872
1,26.2875,0,0,euler-35,pink,42.0,1,sigma,-86.13604580311844
1,27.4458,0,0,,blue,53.0,1,gamma,163.9897381578562
1,512.3292,1,0,bigollo-62,pink,36.0,1,gamma,156.8442743556513
1,512.3292,1,0,bigollo-62,blue,58.0,1,gamma,60.89753241189969
0,5.0,0,0,bigollo-62,pink,33.0,1,sigma,168.85769559738742
0,47.1,0,0,,pink,28.0,1,sigma,114.40306857974235
0,47.1,0,0,,pink,17.0,1,sigma,131.12205250476805
1,120.0,2,1,bigollo-107,pink,11.0,1,sigma,74.0465884225956
1,120.0,2,1,bigollo-107,blue,14.0,1,sigma,150.04618270114875
1,120.0,2,1,bigollo-107,pink,36.0,1,sigma,114.75677554014541
1,120.0,2,1,bigollo-107,blue,36.0,1,sigma,121.00367675430337
0,26.0,0,0,,pink,49.0,1,sigma,96.57148003475064
1,27.7208,0,0,,blue,,1,gamma,124.7961634423765
0,78.85,0,1,cantor-57,pink,36.0,1,sigma,124.2311397740593
1,78.85,0,1,cantor-57,blue,76.0,1,sigma,87.70242082117042
0,61.175,0,1,euler-42,pink,46.0,1,sigma,93.15154288106142
1,61.175,0,1,euler-42,blue,47.0,1,sigma,91.65170667709162
1,53.1,0,1,euler-19,pink,27.0,1,sigma,85.73986931097721
1,53.1,0,1,euler-19,blue,33.0,1,sigma,96.4439081093598
1,262.375,0,0,bigollo-72,blue,36.0,1,gamma,83.41808896283707
1,86.5,0,0,bigollo-88,blue,30.0,1,sigma,97.87157092524915
1,29.7,0,0,allen-20,pink,45.0,1,gamma,42.867529341666874
1,55.0,1,0,euler-44,blue,,1,sigma,4.919782199600164
0,0.0,0,0,,pink,,1,sigma,121.64185190619992
0,136.7792,0,1,cantor-100,pink,27.0,1,gamma,46.54065171644668
1,136.7792,0,1,cantor-100,blue,26.0,1,gamma,183.13006157497568
1,151.55,0,0,,blue,22.0,1,sigma,110.6639299566792
0,52.0,0,0,allen-25,pink,,1,sigma,117.77291697416385
0,25.5875,0,0,euler-69,pink,47.0,1,sigma,20.968406480364195
1,83.1583,1,1,euler-60,blue,39.0,1,gamma,156.78047183127313
0,83.1583,1,1,euler-63,pink,37.0,1,gamma,126.25833221569837
1,83.1583,2,0,euler-56,blue,64.0,1,gamma,96.94112085692575
1,25.7,0,2,cantor-112,blue,55.0,1,sigma,47.14783000556483
0,26.55,0,0,,pink,,1,sigma,134.12429951747626
0,71.0,1,1,bigollo-33,pink,70.0,1,sigma,62.3018604543723
1,71.0,2,0,bigollo-33,blue,36.0,1,sigma,141.07756130787075
1,26.55,1,1,bigollo-37,blue,64.0,1,sigma,112.20813554392662
0,71.2833,0,1,cantor-96,pink,39.0,1,gamma,42.1181885553069
1,71.2833,0,1,cantor-96,blue,38.0,1,gamma,142.45648094463056
1,26.55,0,0,euler-28,pink,51.0,1,sigma,73.44675612422046
1,30.5,0,0,,pink,27.0,1,sigma,53.02616850147491
1,151.55,0,0,,blue,33.0,1,sigma,105.92862012270831
0,52.0,0,1,bigollo-82,pink,31.0,1,sigma,17.153169442491674
1,52.0,2,1,bigollo-82,blue,27.0,1,sigma,75.24322048911758
1,57.0,0,1,bigollo-31,pink,31.0,1,sigma,16.990730999290605
1,57.0,0,1,bigollo-31,blue,17.0,1,sigma,188.03433476401983
1,81.8583,1,1,allen-45,pink,53.0,1,sigma,112.95106824075899
1,81.8583,2,0,allen-45,pink,4.0,1,sigma,129.84113381297777
1,81.8583,1,1,allen-45,blue,54.0,1,sigma,20.808021612380784
0,106.425,0,1,cantor-97,pink,50.0,1,gamma,62.665504159931
1,247.5208,1,1,bigollo-69,blue,27.0,1,gamma,190.87951987438396
1,106.425,0,1,cantor-97,blue,48.0,1,gamma,97.53113836635184
1,39.6,0,1,allen-27,blue,48.0,1,gamma,114.05902973060994
1,56.9292,0,1,allen-31,pink,49.0,1,gamma,63.35040219916597
0,29.7,0,0,allen-29,pink,39.0,1,gamma,69.13798031618246
1,83.1583,1,0,cantor-65,blue,23.0,1,gamma,11.310493950703687
1,227.525,0,0,cantor-56,blue,38.0,1,gamma,43.196899859936146
1,78.2667,0,1,descrates-31,blue,54.0,1,gamma,153.84713993027552
0,31.6792,0,0,allen-40,blue,36.0,1,gamma,157.8987184320386
0,221.7792,0,0,cantor-106,pink,,1,sigma,232.10796383408342
1,31.6833,0,0,,blue,,1,sigma,122.25785326992013
1,110.8833,0,0,,blue,,1,gamma,169.3784956816445
1,26.3875,0,0,euler-36,pink,36.0,1,sigma,33.88147087612117
0,27.75,0,0,cantor-122,pink,30.0,1,gamma,-10.41923498874155
1,263.0,2,3,cantor-34,blue,24.0,1,sigma,127.52437923045315
1,263.0,2,3,cantor-34,blue,28.0,1,sigma,109.93336764204567
1,263.0,2,3,cantor-34,blue,23.0,1,sigma,80.13311872738942
0,263.0,2,3,cantor-34,pink,19.0,1,sigma,97.89442338778632
0,263.0,4,1,cantor-34,pink,64.0,1,sigma,87.05249191128091
1,263.0,4,1,cantor-34,blue,60.0,1,sigma,73.65207747162918
1,56.9292,0,0,euler-47,blue,30.0,1,gamma,131.347608709233
0,26.55,0,0,descrates-45,pink,,1,sigma,61.913403630680264
1,133.65,0,2,,pink,50.0,1,sigma,62.97318411152704
1,27.7208,0,1,descrates-51,pink,43.0,1,gamma,65.71924882099579
1,133.65,0,1,,blue,,1,sigma,116.80173185153068
1,49.5,2,0,bigollo-50,blue,22.0,1,gamma,20.94280845690122
1,79.2,1,1,bigollo-52,pink,60.0,1,gamma,137.620064898878
1,79.2,1,1,bigollo-52,blue,48.0,1,gamma,171.09254663949264
0,0.0,0,0,bigollo-113,pink,,1,sigma,94.15028162711148
0,53.1,0,1,cantor-134,pink,37.0,1,sigma,80.71874621723096
1,53.1,0,1,cantor-134,blue,35.0,1,sigma,-0.31503193058580337
0,38.5,0,0,euler-74,pink,47.0,1,sigma,165.15049979422133
1,211.5,0,0,cantor-141,blue,35.0,1,gamma,15.637163285651496
1,59.4,1,0,,blue,22.0,1,gamma,33.55274434703989
1,59.4,1,0,,blue,45.0,1,gamma,112.9573312031407
0,79.2,0,0,bigollo-97,pink,24.0,1,gamma,115.30357203675064
1,89.1042,0,1,cantor-103,pink,49.0,1,gamma,45.30211440289149
1,89.1042,0,1,cantor-103,blue,,1,gamma,117.95572590256393
0,34.6542,0,0,allen-16,pink,71.0,1,gamma,34.66250865194172
1,28.5,0,0,cantor-62,pink,53.0,1,gamma,130.15866411958552
1,30.0,0,0,bigollo-53,blue,19.0,1,sigma,61.63684618898728
0,153.4625,1,0,cantor-102,pink,38.0,1,sigma,69.55420369073347
1,153.4625,1,0,cantor-136,blue,58.0,1,sigma,93.05741555376086
1,63.3583,1,0,descrates-21,pink,23.0,1,gamma,171.60784828964285
1,63.3583,1,0,descrates-21,blue,45.0,1,gamma,10.765644184734683
0,79.2,0,0,bigollo-93,pink,46.0,1,gamma,84.70156950899445
1,55.4417,0,1,euler-61,pink,25.0,1,gamma,116.47524603338243
1,55.4417,0,1,euler-61,blue,25.0,1,gamma,17.282374017069813
1,76.7292,0,1,descrates-44,pink,48.0,1,gamma,168.71872152027262
1,76.7292,0,1,descrates-44,blue,49.0,1,gamma,206.54603507239915
0,42.4,0,0,,pink,,1,sigma,127.56132412065773
0,83.475,0,1,cantor-94,pink,45.0,1,sigma,118.73846324906538
1,83.475,0,1,cantor-94,blue,35.0,1,sigma,93.62173141001982
0,0.0,0,0,bigollo-105,pink,40.0,1,sigma,9.002036995508831
1,76.7292,0,0,descrates-60,pink,27.0,1,gamma,67.13835054416606
1,30.0,0,0,descrates-56,pink,,1,sigma,66.30639514871832
1,83.1583,0,0,cantor-65,blue,24.0,1,gamma,133.9457473718075
0,93.5,1,1,bigollo-80,pink,55.0,1,sigma,169.97876888341943
1,93.5,1,1,bigollo-80,blue,52.0,1,sigma,90.0566363087745
0,42.5,0,0,bigollo-22,pink,42.0,1,sigma,145.37193700964465
0,51.8625,0,0,euler-57,pink,,1,sigma,54.34002215536068
0,50.0,0,0,cantor-50,pink,55.0,1,sigma,129.9799318609196
1,57.9792,1,0,bigollo-29,blue,16.0,1,gamma,154.408525230362
1,57.9792,1,0,bigollo-29,blue,44.0,1,gamma,84.18244053426938
1,77.9583,0,1,descrates-22,blue,51.0,1,sigma,96.61942937344989
0,52.0,0,1,,pink,42.0,1,sigma,96.63223115641188
1,52.0,0,1,,blue,35.0,1,sigma,120.54419263282394
1,26.55,0,0,,pink,35.0,1,gamma,51.74107314035128
1,90.0,0,1,cantor-104,pink,38.0,1,sigma,163.67983699708435
0,30.6958,0,0,,pink,,1,gamma,119.64933082524978
1,90.0,0,1,cantor-104,blue,35.0,1,sigma,93.66289497997064
1,80.0,0,0,bigollo-39,blue,38.0,1,,173.59223630810953
0,28.7125,0,0,cantor-60,blue,50.0,1,gamma,-13.217357428533845
1,0.0,0,0,bigollo-63,pink,49.0,1,sigma,7.153141677364857
0,26.0,0,0,,pink,46.0,1,sigma,137.4421205522558
0,26.0,0,0,euler-71,pink,50.0,1,sigma,68.55076773713529
0,211.5,0,0,cantor-143,pink,32.5,1,gamma,116.08723314561149
0,29.7,0,0,bigollo-48,pink,58.0,1,gamma,76.35439046944856
0,51.8625,0,1,descrates-32,pink,41.0,1,sigma,143.85950668986092
1,51.8625,0,1,descrates-32,blue,,1,sigma,79.92656153308533
1,52.5542,0,1,descrates-30,pink,42.0,1,sigma,194.30811513630775
1,52.5542,0,1,descrates-30,blue,45.0,1,sigma,99.32136991667315
0,26.55,0,0,cantor-135,pink,,1,sigma,38.056862859961306
1,211.3375,0,0,,blue,39.0,1,sigma,195.0652361864634
1,25.9292,0,0,descrates-28,blue,49.0,1,sigma,104.85615028098647
1,106.425,0,0,,blue,30.0,1,gamma,222.63135311879674
1,512.3292,0,0,bigollo-112,pink,35.0,1,gamma,87.21556637884544
0,27.7208,0,0,,pink,,1,gamma,48.706783483274286
0,26.55,0,0,,pink,42.0,1,sigma,90.03387821974009
1,27.7208,0,0,,blue,55.0,1,gamma,86.67104483069343
1,39.4,1,0,descrates-39,blue,16.0,1,sigma,-31.599920851136403
1,39.4,1,0,descrates-39,blue,51.0,1,sigma,91.67588735121203
0,30.0,0,0,descrates-17,pink,29.0,1,sigma,86.20854422082932
1,77.9583,0,0,descrates-20,blue,21.0,1,sigma,83.64918940648163
0,45.5,0,0,,pink,30.0,1,sigma,21.944099653642752
1,146.5208,0,0,bigollo-91,blue,58.0,1,gamma,100.79357603175791
1,211.3375,1,0,bigollo-16,blue,15.0,1,sigma,106.03286467536476
0,26.0,0,0,cantor-117,pink,30.0,1,sigma,61.481991839524866
1,86.5,0,0,bigollo-90,blue,16.0,1,sigma,181.56770517316306
1,29.7,0,0,cantor-58,pink,,1,gamma,54.57139473991807
0,53.1,0,1,descrates-41,pink,19.0,1,sigma,140.76389219747495
1,53.1,0,1,descrates-41,blue,18.0,1,sigma,115.14624409847983
1,49.5042,0,0,cantor-101,blue,24.0,1,gamma,116.5000237707563
0,75.2417,0,0,cantor-17,pink,46.0,1,gamma,187.6719741331964
0,51.8625,0,0,euler-57,pink,54.0,1,sigma,169.00391096272386
1,26.2875,0,0,euler-36,pink,36.0,1,sigma,3.5024915981393434
0,82.1708,0,1,,pink,28.0,1,gamma,137.42267733922085
1,82.1708,0,1,,blue,,1,gamma,119.10983381691949
0,26.55,0,0,euler-49,pink,65.0,1,sigma,62.29978558803067
0,90.0,0,2,cantor-89,pink,44.0,1,qoph,110.23199136175424
1,90.0,0,1,cantor-89,blue,33.0,1,qoph,87.39863626692352
1,90.0,0,1,cantor-89,blue,37.0,1,qoph,52.200984142506876
1,57.75,0,1,cantor-89,pink,30.0,1,gamma,125.239443873256
0,30.5,0,0,cantor-41,pink,55.0,1,sigma,174.11076185117327
0,42.4,0,0,,pink,47.0,1,sigma,146.82112492122178
0,29.7,1,0,cantor-129,pink,37.0,1,gamma,153.62920434222212
1,113.275,0,1,descrates-47,blue,31.0,1,gamma,116.63452504990356
1,113.275,0,1,descrates-47,blue,23.0,1,gamma,222.4622912429372
0,113.275,2,0,descrates-59,pink,58.0,1,gamma,-26.96487578341025
1,26.2833,2,0,descrates-58,blue,19.0,1,sigma,92.94877468378543
0,26.0,0,0,,pink,64.0,1,sigma,111.31657894454875
1,108.9,0,0,cantor-116,blue,39.0,1,gamma,55.27278563759028
1,25.7417,0,0,,pink,,1,gamma,84.58871690145737
1,61.9792,1,0,bigollo-47,blue,22.0,1,gamma,-93.97433274233103
0,61.9792,1,0,bigollo-41,pink,65.0,1,gamma,68.8531197254887
0,27.7208,0,0,descrates-54,pink,28.5,1,gamma,84.14134007800801
0,0.0,0,0,,pink,,1,sigma,105.34707091281018
0,28.5,0,0,cantor-135,pink,45.5,1,sigma,165.26801457078903
0,93.5,0,0,bigollo-35,pink,23.0,1,sigma,102.7607060087555
0,66.6,0,1,cantor-13,pink,29.0,1,sigma,141.60567324182034
1,66.6,0,1,cantor-13,blue,22.0,1,sigma,155.88983757594852
0,108.9,0,1,cantor-76,pink,18.0,1,gamma,46.88362752471761
1,108.9,0,1,cantor-76,blue,17.0,1,gamma,131.44408643809467
1,93.5,0,0,bigollo-84,blue,30.0,1,sigma,174.69704105625058
1,30.5,0,0,cantor-115,pink,52.0,1,sigma,102.23045420825261
0,52.0,0,0,cantor-121,pink,47.0,1,sigma,94.6549155289146
1,83.1583,1,0,cantor-61,blue,56.0,1,gamma,176.06954958896688
0,0.0,0,0,,pink,38.0,1,sigma,14.816740439392731
1,39.6,0,0,,pink,,1,sigma,88.39922833035351
0,135.6333,0,0,,pink,22.0,1,gamma,99.46818129973606
0,227.525,0,0,,pink,,1,gamma,54.64195584554797
1,211.3375,1,0,bigollo-14,blue,43.0,1,sigma,81.15855490872295
0,50.4958,0,0,allen-35,pink,31.0,1,sigma,82.09391736021729
1,26.55,0,0,,pink,45.0,1,sigma,67.77304333929936
0,50.0,0,0,allen-43,pink,,1,sigma,127.65759166962918
1,27.7208,0,0,allen-22,blue,33.0,1,gamma,91.61414971826757
0,79.2,0,0,,pink,46.0,1,gamma,53.606605152185594
0,40.125,0,0,allen-21,pink,36.0,1,gamma,92.35713356657405
1,86.5,0,0,bigollo-88,blue,33.0,1,sigma,8.284227901840836
0,59.4,0,1,,pink,55.0,1,gamma,124.22119748299814
1,59.4,0,1,,blue,54.0,1,gamma,40.46337552174831
0,26.55,0,0,,pink,33.0,1,sigma,39.87958392775482
1,262.375,2,2,bigollo-68,pink,13.0,1,gamma,80.82691473152641
1,262.375,2,2,bigollo-68,blue,18.0,1,gamma,128.62555910004812
1,262.375,2,2,bigollo-68,blue,21.0,1,gamma,130.239091935442
0,262.375,3,1,bigollo-68,pink,61.0,1,gamma,89.62423923141483
1,262.375,3,1,bigollo-68,blue,48.0,1,gamma,146.45658760438664
1,30.5,0,0,cantor-117,pink,,1,sigma,146.36804670864424
1,69.3,0,0,bigollo-46,blue,24.0,1,gamma,106.70719092357915
1,26.0,0,0,,pink,,1,sigma,101.99494789040524
1,57.75,0,1,cantor-39,blue,35.0,1,gamma,154.4051146703116
1,31.0,0,0,,blue,30.0,1,gamma,102.03918501376344
1,26.55,0,0,,pink,34.0,1,sigma,114.3396646537412
1,153.4625,0,0,cantor-136,blue,40.0,1,sigma,89.34358055550356
1,26.2875,0,0,euler-35,pink,35.0,1,sigma,136.10548807124795
0,55.9,0,1,euler-55,pink,50.0,1,sigma,93.36888260315062
1,55.9,0,1,euler-55,blue,39.0,1,sigma,141.54406109536654
1,35.5,0,0,allen-37,pink,56.0,1,gamma,112.82540863931999
1,35.5,0,0,allen-17,pink,28.0,1,sigma,116.75676762868275
0,26.55,0,0,,pink,56.0,1,sigma,91.32895379171134
0,30.6958,0,0,allen-18,pink,56.0,1,gamma,57.65120683082842
0,60.0,0,1,cantor-42,pink,24.0,1,sigma,199.4751330310632
0,26.0,0,0,allen-30,pink,,1,sigma,120.25697903470785
1,60.0,0,1,cantor-42,blue,18.0,1,sigma,63.59944248091496
1,82.2667,0,1,bigollo-56,pink,24.0,1,sigma,160.5185605518618
1,82.2667,0,1,bigollo-56,blue,23.0,1,sigma,175.27550897193595
1,134.5,2,0,euler-45,pink,6.0,1,gamma,77.7314071337416
1,134.5,1,1,euler-45,pink,45.0,1,gamma,93.26066238907902
1,134.5,1,1,euler-45,blue,40.0,1,gamma,-21.49595370568808
0,146.5208,0,1,bigollo-89,pink,57.0,1,gamma,91.3557623530069
1,146.5208,0,1,bigollo-89,blue,,1,gamma,134.86210883667604
1,30.5,0,0,bigollo-61,pink,32.0,1,gamma,88.97115521263521
0,26.55,0,0,cantor-98,pink,62.0,1,sigma,132.64024647873063
1,55.4417,0,1,cantor-127,pink,54.0,1,gamma,26.91364533387741
1,55.4417,0,1,cantor-127,blue,43.0,1,gamma,144.87016684902113
1,78.2667,0,1,descrates-31,blue,52.0,1,gamma,27.43915694312362
0,27.7208,0,0,,pink,,1,gamma,126.16164773378745
1,80.0,0,0,bigollo-39,blue,62.0,1,,99.1399448749964
0,221.7792,0,1,cantor-66,pink,67.0,1,sigma,125.90553374182292
0,221.7792,0,1,cantor-66,blue,63.0,1,sigma,73.92084127383791
0,32.3208,0,0,descrates-61,pink,61.0,1,sigma,150.19607592215053
1,25.9292,0,0,descrates-28,blue,48.0,1,sigma,-32.35698576474093
1,79.65,2,0,euler-79,blue,18.0,1,sigma,145.96469547109467
0,79.65,1,1,euler-78,pink,52.0,1,sigma,247.3414603229272
1,79.65,1,1,euler-78,blue,39.0,1,sigma,102.2012113547173
1,52.0,0,1,cantor-137,pink,48.0,1,sigma,69.80912809538258
1,52.0,0,1,cantor-137,blue,,1,sigma,79.80475231943089
0,110.8833,1,1,cantor-79,pink,49.0,1,gamma,174.02129825502718
1,110.8833,2,0,cantor-81,pink,17.0,1,gamma,79.2155944537387
1,110.8833,1,1,cantor-79,blue,39.0,1,gamma,141.37414379055656
1,79.2,0,0,,blue,,1,gamma,139.82286951675755
1,28.5375,0,0,cantor-64,pink,31.0,1,gamma,173.190795340342
0,27.7208,0,0,,pink,40.0,1,gamma,124.87710984298445
0,33.5,0,0,bigollo-30,pink,61.0,1,sigma,99.83447025857573
0,34.0208,0,0,descrates-57,pink,47.0,1,sigma,115.40528451413155
1,512.3292,0,0,,blue,35.0,1,gamma,74.03110416191
0,75.25,0,1,descrates-48,pink,64.0,1,gamma,47.78806451306874
1,75.25,0,1,descrates-48,blue,60.0,1,gamma,106.66240025355158
0,26.55,0,0,,pink,60.0,1,sigma,62.802370263842114
0,77.2875,1,0,descrates-37,pink,54.0,1,sigma,65.45535195463148
0,77.2875,1,0,descrates-37,pink,21.0,1,sigma,92.33118706188432
1,135.6333,0,0,cantor-43,blue,55.0,1,gamma,102.68972273207835
1,164.8667,2,0,cantor-18,blue,31.0,1,sigma,41.65070050815278
0,164.8667,1,1,,pink,57.0,1,sigma,134.78684552659774
1,164.8667,1,1,,blue,45.0,1,sigma,98.20110742333753
0,211.5,1,1,cantor-91,pink,50.0,1,gamma,87.44164967331265
0,211.5,2,0,cantor-93,pink,27.0,1,gamma,55.47782144354861
1,211.5,1,1,cantor-91,blue,50.0,1,gamma,77.04669952937166
1,26.55,0,0,,blue,21.0,1,sigma,30.914204906571328
0,61.3792,1,0,,pink,51.0,1,gamma,52.67379143253119
1,61.3792,1,0,,pink,21.0,1,gamma,69.87840099174866
0,35.0,0,0,cantor-139,pink,,1,sigma,79.9911199706565
1,134.5,0,0,euler-50,blue,31.0,1,gamma,23.568040033903642
1,35.5,0,0,cantor-63,pink,,1,sigma,155.74101387328412
0,26.55,0,0,,pink,62.0,1,sigma,168.0945685072457
1,135.6333,0,0,cantor-43,blue,36.0,1,gamma,36.63746347192484
0,24.0,0,1,,pink,30.0,2,gamma,176.52603600250018
1,24.0,0,1,,blue,28.0,2,gamma,202.3806796041129
0,13.0,0,0,,pink,30.0,2,sigma,16.517663295838034
0,11.5,0,0,,pink,18.0,2,sigma,-17.951346960635334
0,10.5,0,0,,pink,25.0,2,sigma,105.1210229527698
0,26.0,0,1,,pink,34.0,2,sigma,96.57427348940925
1,26.0,0,1,,blue,36.0,2,sigma,65.47427107699637
0,13.0,0,0,,pink,57.0,2,sigma,28.021547081817346
0,11.5,0,0,,pink,18.0,2,sigma,72.377711173107
0,10.5,0,0,,pink,23.0,2,sigma,133.74325058874862
1,13.0,0,0,descrates,blue,36.0,2,sigma,41.66489022862593
0,10.5,0,0,,pink,28.0,2,sigma,45.695678109749835
0,12.525,0,0,,pink,51.0,2,sigma,122.05265473719848
1,26.0,0,1,,pink,32.0,2,sigma,30.20006813796526
1,26.0,0,1,,blue,19.0,2,sigma,132.26412310534482
0,26.0,0,0,,pink,28.0,2,sigma,150.72742063270763
1,39.0,1,2,fermat-15,pink,1.0,2,sigma,124.6369656180839
1,39.0,1,2,fermat-15,blue,4.0,2,sigma,53.54400215915487
1,39.0,1,2,fermat-15,blue,12.0,2,sigma,117.92985024535085
1,39.0,3,0,fermat-15,blue,36.0,2,sigma,83.1035291277886
1,13.0,0,0,descrates-67,pink,34.0,2,sigma,158.1074946554688
1,13.0,0,0,,blue,19.0,2,sigma,104.65721590462442
0,13.0,0,0,,pink,23.0,2,sigma,53.600975847296375
0,13.0,0,0,,pink,26.0,2,sigma,125.98827713372367
0,13.0,0,0,,pink,42.0,2,sigma,88.60097934865314
0,13.0,0,0,,pink,27.0,2,sigma,172.60786554644105
1,13.0,0,0,fermat-44,blue,24.0,2,sigma,116.07932219165568
1,39.0,2,0,,blue,15.0,2,sigma,174.56423188090423
0,39.0,1,1,,pink,60.0,2,sigma,54.03973505291543
1,39.0,1,1,,blue,40.0,2,sigma,100.56971745898447
1,26.0,0,1,,blue,20.0,2,sigma,104.09918484796468
0,26.0,0,1,,pink,25.0,2,sigma,97.91463474459853
1,13.0,0,0,,blue,36.0,2,sigma,193.60426332059347
0,13.0,0,0,,pink,25.0,2,sigma,30.64766701557643
0,13.0,0,0,,pink,42.0,2,sigma,107.0731155378947
1,13.0,0,0,,blue,42.0,2,sigma,74.52348000107213
1,29.0,2,0,,pink,0.8333,2,sigma,156.9739208546955
1,29.0,1,1,,pink,26.0,2,sigma,193.8649413147814
1,29.0,1,1,,blue,22.0,2,sigma,65.532557671299
1,21.0,0,0,,blue,35.0,2,sigma,31.33449365156332
0,0.0,0,0,,pink,,2,sigma,136.9708281020888
0,13.0,0,0,,pink,19.0,2,sigma,93.61417818709832
0,26.0,0,1,,blue,44.0,2,sigma,144.69241278880554
0,26.0,0,1,,pink,54.0,2,sigma,151.97303727526176
0,13.5,0,0,,pink,52.0,2,sigma,137.63008938172462
0,26.0,0,1,,pink,37.0,2,sigma,82.08460660563877
0,26.0,0,1,,blue,29.0,2,sigma,80.74606020542221
1,30.0,1,1,,blue,25.0,2,sigma,108.62573781591757
1,30.0,2,0,,blue,45.0,2,sigma,48.952382592624645
0,26.0,0,1,,pink,29.0,2,sigma,103.62685557566685
1,26.0,0,1,,blue,28.0,2,sigma,76.51168369970486
0,10.5,0,0,,pink,29.0,2,sigma,116.81976257172447
0,13.0,0,0,,pink,28.0,2,sigma,140.36341782681944
1,10.5,0,0,,pink,24.0,2,sigma,138.03680698377406
1,26.25,2,0,,blue,8.0,2,sigma,62.157120894938
0,26.25,1,1,,pink,31.0,2,sigma,102.57935194629148
1,26.25,1,1,,blue,31.0,2,sigma,137.52817806912998
1,10.5,0,0,fermat-44,blue,22.0,2,sigma,139.72557930247584
0,13.0,0,0,,blue,30.0,2,sigma,210.19979612731078
0,21.0,0,0,,blue,,2,sigma,87.1828898302239
0,11.5,0,0,,pink,21.0,2,sigma,197.64731225570057
0,0.0,0,0,,pink,,2,sigma,128.25638319383992
1,36.75,1,1,,pink,8.0,2,sigma,112.39263500060501
0,73.5,0,0,,pink,18.0,2,sigma,138.95338949635033
1,36.75,2,0,,blue,48.0,2,sigma,189.07267297420427
1,13.0,0,0,,blue,28.0,2,sigma,160.1411738433712
0,13.0,0,0,,pink,32.0,2,sigma,65.17514446770741
0,73.5,0,0,,pink,17.0,2,sigma,26.420685700812143
0,27.7208,0,1,,pink,29.0,2,gamma,183.50826431640252
1,27.7208,0,1,,blue,24.0,2,gamma,5.223761426434308
0,31.5,0,0,,pink,25.0,2,sigma,103.52606670587916
0,73.5,0,0,,pink,18.0,2,sigma,34.46656368161911
1,23.0,1,0,,blue,18.0,2,sigma,31.121890526048944
1,23.0,1,0,,blue,34.0,2,sigma,160.98892599077064
0,26.0,0,0,,pink,54.0,2,sigma,101.82624817951833
1,32.5,2,0,,pink,8.0,2,sigma,224.6224130918112
0,32.5,1,1,,pink,42.0,2,sigma,110.03179206058209
1,32.5,1,1,,blue,34.0,2,sigma,79.45499698373156
1,13.8583,0,1,,blue,27.0,2,gamma,151.19748389601
1,13.8583,0,1,,blue,30.0,2,gamma,148.57558722682276
0,13.0,0,0,,pink,23.0,2,sigma,113.4481302543409
0,13.0,0,0,,pink,21.0,2,sigma,68.80267767442439
0,13.0,0,0,,pink,18.0,2,sigma,78.59981570792466
0,26.0,0,1,,pink,40.0,2,sigma,151.95440659637262
1,26.0,0,1,,blue,29.0,2,sigma,114.03909847513269
0,10.5,0,0,,pink,18.0,2,sigma,71.86128930236927
0,13.0,0,0,,pink,36.0,2,sigma,44.10446798397398
0,0.0,0,0,,pink,,2,sigma,155.61520419297818
0,13.0,0,0,,blue,38.0,2,sigma,84.9503087686148
0,26.0,0,0,,pink,35.0,2,sigma,-41.812179640329674
0,21.0,0,1,,pink,38.0,2,sigma,6.085371570152688
0,21.0,0,1,,pink,34.0,2,sigma,164.29055616298356
1,13.0,0,0,,blue,34.0,2,sigma,35.957624891914946
0,26.0,0,0,,pink,16.0,2,sigma,78.69516410500212
0,10.5,0,0,,pink,26.0,2,sigma,147.25098307941363
0,10.5,0,0,,pink,47.0,2,sigma,125.68269303681801
0,11.5,0,1,,pink,21.0,2,sigma,92.05066080614982
0,11.5,0,1,,pink,21.0,2,sigma,163.7205894088596
0,13.5,0,0,,pink,24.0,2,sigma,158.96463934530234
0,13.0,0,0,,pink,24.0,2,sigma,132.51469353490882
0,13.0,0,0,,pink,34.0,2,sigma,151.8026837853019
0,13.0,0,0,,pink,30.0,2,sigma,123.9565542497073
0,13.0,0,0,,pink,52.0,2,sigma,95.34488007435951
0,13.0,0,0,,pink,30.0,2,sigma,148.38400623503878
1,14.5,1,1,,pink,0.6667,2,sigma,66.94065525636712
1,14.5,2,0,,blue,24.0,2,sigma,153.8427013392114
0,13.0,0,0,,pink,44.0,2,sigma,192.52041682602382
1,33.0,1,0,,blue,6.0,2,sigma,134.53710206422045
0,33.0,1,0,,pink,28.0,2,sigma,75.56689302949545
1,10.5,0,0,,pink,62.0,2,sigma,59.71605528687822
0,10.5,0,0,,pink,30.0,2,sigma,131.66299993961977
1,26.25,2,0,,blue,7.0,2,sigma,150.23410998363894
0,26.25,1,1,,pink,43.0,2,sigma,111.82141271124728
1,26.25,1,1,,blue,45.0,2,sigma,138.86745604293182
1,65.0,2,1,,blue,24.0,2,sigma,85.96832933811793
1,65.0,2,1,,blue,24.0,2,sigma,87.64176832228469
0,65.0,2,1,,pink,49.0,2,sigma,-13.900314741330291
1,65.0,2,1,,blue,48.0,2,sigma,105.99014101097231
1,16.0,0,0,,blue,55.0,2,sigma,125.1450160753923
0,73.5,0,2,,pink,24.0,2,sigma,93.53603149690208
0,73.5,0,2,,pink,32.0,2,sigma,113.24122033467705
0,73.5,0,2,,pink,21.0,2,sigma,120.46814824479874
0,13.0,1,1,,blue,18.0,2,sigma,133.87938101499037
1,23.0,1,2,,blue,20.0,2,sigma,57.09446835686076
0,11.5,1,2,,pink,23.0,2,sigma,69.62656780337805
0,13.0,0,0,,pink,36.0,2,sigma,80.28428204935092
1,23.0,3,1,,blue,54.0,2,sigma,194.74653405561287
0,13.0,0,0,,pink,50.0,2,sigma,120.02510108525745
0,26.0,0,1,,pink,44.0,2,sigma,9.007480486252675
1,26.0,0,1,,blue,29.0,2,sigma,152.35869280274517
0,73.5,0,0,,pink,21.0,2,sigma,37.37290592780098
1,13.0,0,0,,pink,42.0,2,sigma,38.99101002709505
0,26.0,0,1,,pink,63.0,2,sigma,110.65155684842408
0,26.0,0,1,,blue,60.0,2,sigma,44.603885101390425
0,12.275,0,0,,pink,33.0,2,sigma,-53.41552719584749
1,10.5,0,0,,blue,17.0,2,sigma,148.7889465866911
0,27.0,0,1,,pink,42.0,2,sigma,129.23755861216424
1,27.0,1,2,,blue,24.0,2,sigma,50.7828161164214
0,15.0,0,0,,pink,47.0,2,sigma,93.94489892843495
0,31.5,0,2,,pink,24.0,2,sigma,91.67770825889487
0,31.5,0,2,,pink,22.0,2,sigma,57.74427440289766
0,10.5,0,0,,pink,32.0,2,sigma,117.72632794223392
1,13.7917,0,0,descrates,blue,23.0,2,gamma,140.7274549389207
0,26.0,0,1,,pink,34.0,2,sigma,198.3576211030255
1,26.0,0,1,,blue,24.0,2,sigma,75.50088124500257
0,21.0,0,0,,blue,22.0,2,sigma,20.577181087485798
1,12.35,0,0,euler-112,blue,,2,qoph,153.81023929577867
0,12.35,0,0,,pink,35.0,2,qoph,40.60120247334456
1,13.5,0,0,,blue,45.0,2,sigma,181.10126355088107
0,12.35,0,0,,pink,57.0,2,qoph,76.11579264603432
0,0.0,0,0,,pink,,2,sigma,55.98756052272765
0,10.5,0,0,,pink,31.0,2,sigma,124.23128247936911
0,26.0,1,1,,blue,26.0,2,sigma,72.49532762203012
0,26.0,1,1,,pink,30.0,2,sigma,176.2281089985237
0,10.7083,0,0,,pink,,2,qoph,27.20996568898842
1,41.5792,2,1,,blue,1.0,2,gamma,122.12336525492502
1,41.5792,2,1,,blue,3.0,2,gamma,91.65325816777407
0,41.5792,2,1,,pink,25.0,2,gamma,94.21991454493269
1,41.5792,2,1,,blue,22.0,2,gamma,-6.346848920420342
1,12.0,0,0,,blue,17.0,2,gamma,65.44119761823944
1,33.0,0,0,,blue,,2,sigma,116.47173034567771
1,10.5,0,0,fermat-44,blue,34.0,2,sigma,28.126878659395004
0,12.875,0,0,descrates,pink,36.0,2,gamma,128.30107322307586
0,10.5,0,0,,pink,24.0,2,sigma,71.22918041629057
0,12.35,0,0,,pink,61.0,2,qoph,53.29274465718496
0,26.0,0,1,,pink,50.0,2,sigma,127.07157553405716
1,26.0,0,1,,blue,42.0,2,sigma,155.35201384351438
0,10.5,0,0,euler-88,blue,57.0,2,sigma,92.98925012667684
0,15.0458,0,0,descrates,pink,,2,gamma,147.32755495667848
1,37.0042,2,0,,pink,1.0,2,gamma,86.4441660374265
0,37.0042,1,1,,pink,31.0,2,gamma,55.923500513275286
1,37.0042,1,1,,blue,24.0,2,gamma,194.59787884245185
0,15.5792,0,0,,pink,,2,gamma,127.61276092771465
0,13.0,0,0,,pink,30.0,2,sigma,42.70400784527434
0,16.0,0,0,,pink,40.0,2,sigma,20.301380134032044
0,13.5,0,0,,pink,32.0,2,sigma,97.455356193969
0,13.0,0,0,,pink,30.0,2,sigma,100.91317547082117
0,26.0,0,0,,pink,46.0,2,sigma,114.05183218608377
1,19.5,1,0,,blue,13.0,2,sigma,42.725378510629064
1,19.5,1,0,,blue,41.0,2,sigma,88.60147175068103
1,10.5,0,0,,pink,19.0,2,sigma,156.20052590761975
0,13.0,0,0,,pink,39.0,2,sigma,36.51864085736275
0,13.0,0,0,,pink,48.0,2,sigma,218.17988028867398
0,10.5,0,0,,pink,70.0,2,sigma,44.30313453411142
0,13.0,0,0,,pink,27.0,2,sigma,40.56636467012053
0,14.0,0,0,,pink,54.0,2,sigma,55.44909403502239
0,26.0,0,0,,pink,39.0,2,sigma,81.98661593303126
0,10.5,0,0,,pink,16.0,2,sigma,190.74846084208565
0,9.6875,0,0,,pink,62.0,2,qoph,69.73219983929945
0,30.0708,0,1,,pink,32.5,2,gamma,93.92753363232433
1,30.0708,0,1,,blue,14.0,2,gamma,113.89652167983135
1,26.0,1,1,fermat-13,pink,2.0,2,sigma,124.85442399620958
1,26.0,1,1,fermat-13,pink,3.0,2,sigma,62.67215492986347
0,26.0,2,0,fermat-13,pink,36.5,2,sigma,13.150524629025966
0,13.0,0,0,fermat-13,pink,26.0,2,sigma,37.91601825480886
0,36.75,1,1,,pink,19.0,2,sigma,22.065458841602634
0,13.5,0,0,,pink,28.0,2,sigma,80.56647607167261
1,13.8625,0,0,descrates-49,pink,20.0,2,gamma,89.5469991699778
1,10.5,0,0,fermat-44,blue,29.0,2,sigma,116.78361038503608
0,13.0,0,0,,pink,39.0,2,sigma,107.29112806630282
1,10.5,0,0,,pink,22.0,2,sigma,166.42305925679915
1,13.8625,0,0,,pink,,2,gamma,121.13534210868802
0,10.5,0,0,,pink,23.0,2,sigma,73.32274798824623
1,13.8583,0,0,,pink,29.0,2,gamma,118.08105302621546
0,10.5,0,0,,pink,28.0,2,sigma,32.318792657137465
0,0.0,0,0,,pink,,2,sigma,118.60384237097342
1,26.0,1,0,,blue,50.0,2,sigma,86.75071911962382
0,10.5,0,0,,pink,19.0,2,sigma,23.597878729924744
0,15.05,0,0,,pink,,2,gamma,104.02939256820898
0,13.0,0,0,,pink,41.0,2,sigma,116.3103917387267
1,21.0,1,0,,blue,21.0,2,sigma,81.83948385463641
1,26.0,0,0,,blue,19.0,2,sigma,65.61654548876518
0,21.0,1,0,,pink,43.0,2,sigma,140.12099014523665
1,13.0,0,0,,blue,32.0,2,sigma,117.8380877152447
0,13.0,0,0,,pink,34.0,2,sigma,38.621299764296936
1,12.7375,0,0,,pink,30.0,2,gamma,79.76420443585027
0,15.0333,0,0,,pink,27.0,2,gamma,142.21404204376867
1,26.0,1,1,,blue,2.0,2,sigma,106.12307360410574
1,26.0,1,1,,blue,8.0,2,sigma,43.758919947984865
1,26.0,2,0,,blue,33.0,2,sigma,132.71144490814606
0,10.5,0,0,,pink,36.0,2,sigma,48.826512063943476
0,21.0,0,1,,pink,34.0,2,sigma,186.7570704420739
1,21.0,0,3,,blue,30.0,2,sigma,145.85337799599156
1,13.0,0,0,,blue,28.0,2,sigma,112.75551472590165
0,15.0458,0,0,,pink,23.0,2,gamma,143.3745756220014
1,18.75,1,1,,pink,0.8333,2,sigma,175.8853197883513
1,18.75,1,1,,pink,3.0,2,sigma,202.02939423218322
1,18.75,3,2,,blue,24.0,2,sigma,22.073626692413356
1,10.5,0,0,,blue,50.0,2,sigma,91.92742133314651
0,10.5,0,0,,pink,19.0,2,sigma,82.91366492426106
1,10.5,0,0,,blue,21.0,2,sigma,58.61124045346495
0,13.0,0,0,,pink,26.0,2,sigma,74.26310573715386
0,13.0,0,0,,pink,25.0,2,sigma,40.604543464493716
0,26.0,0,0,,pink,27.0,2,sigma,156.10590643454705
1,26.0,1,0,,blue,25.0,2,sigma,140.8701965967135
1,13.0,2,0,,blue,18.0,2,sigma,13.024029408117599
1,36.75,0,0,,blue,20.0,2,sigma,68.54696366382325
1,13.0,0,0,,blue,30.0,2,sigma,55.99657066399826
0,13.5,0,0,,pink,59.0,2,sigma,87.8139103585676
1,12.35,0,0,,blue,30.0,2,qoph,137.84029815413203
0,10.5,0,0,,pink,35.0,2,sigma,49.58104766340148
1,13.0,0,0,,blue,40.0,2,sigma,133.43043495568162
0,13.0,0,0,,pink,25.0,2,sigma,117.39162971112694
0,15.0458,0,0,,pink,41.0,2,gamma,50.041657574291634
0,10.5,0,0,,pink,25.0,2,sigma,125.00820115590231
0,13.0,0,0,fermat,pink,18.5,2,sigma,99.7775612091227
0,65.0,0,0,,pink,14.0,2,sigma,124.35452783057576
1,10.5,0,0,,blue,50.0,2,sigma,55.93685982986777
0,13.0,0,0,,pink,23.0,2,sigma,111.12092367761137
1,12.65,0,0,,blue,28.0,2,sigma,126.59434189893524
1,10.5,0,0,euler-112,blue,27.0,2,sigma,67.2468648917768
0,21.0,0,1,,pink,29.0,2,sigma,69.86946781942109
0,21.0,0,1,,blue,27.0,2,sigma,124.82864439716668
0,13.0,0,0,,pink,40.0,2,sigma,80.74805450712489
1,21.0,0,0,,blue,31.0,2,sigma,67.25791962471382
0,21.0,0,1,,pink,30.0,2,sigma,154.09182827029275
0,10.5,0,1,,pink,23.0,2,sigma,187.99891766239574
1,21.0,0,0,,blue,31.0,2,sigma,66.86771269240784
0,0.0,0,0,,pink,,2,sigma,153.49274452688508
1,15.75,0,0,,blue,12.0,2,sigma,172.835154087315
1,15.75,0,0,,blue,40.0,2,sigma,57.249902250487786
1,13.0,0,0,euler-112,blue,32.5,2,sigma,89.43086550908498
0,26.0,0,1,,pink,27.0,2,sigma,63.399455823898634
1,26.0,0,1,,blue,29.0,2,sigma,50.880908227598944
1,23.0,1,1,,pink,2.0,2,sigma,197.43584759624275
1,23.0,1,1,,blue,4.0,2,sigma,146.47299963414835
1,23.0,2,0,,blue,29.0,2,sigma,93.53071382617884
1,27.75,2,1,,blue,0.9167,2,sigma,32.03603801441845
1,27.75,2,1,,blue,5.0,2,sigma,66.58867077857826
0,27.75,2,1,,pink,36.0,2,sigma,88.62680528817276
1,27.75,2,1,,blue,33.0,2,sigma,128.95685578169173
0,10.5,0,0,,pink,66.0,2,sigma,52.87270323850883
0,12.875,0,0,,pink,,2,sigma,87.41187957224449
1,13.0,0,0,,pink,31.0,2,sigma,116.61578500239295
1,13.0,0,0,,pink,,2,sigma,117.0175504425419
1,13.5,0,0,,blue,26.0,2,sigma,151.5410292809505
0,13.0,0,0,,blue,24.0,2,sigma,36.0700969240524
0,7.55,0,0,,pink,42.0,3,sigma,109.54092600099028
0,20.25,2,0,,pink,13.0,3,sigma,92.93419789145833
0,20.25,1,1,,pink,16.0,3,sigma,10.982421051318767
1,20.25,1,1,,blue,35.0,3,sigma,175.4812624082303
1,7.65,0,0,,blue,16.0,3,sigma,62.56222577444323
1,7.65,0,0,fermat,pink,25.0,3,sigma,64.9146252454602
1,7.925,0,0,,pink,20.0,3,sigma,156.8276315234846
1,7.2292,0,0,,blue,18.0,3,gamma,145.25367287236233
0,7.25,0,0,,pink,30.0,3,sigma,108.89525204195701
0,8.05,0,0,,pink,26.0,3,sigma,45.747515419003726
0,9.475,0,1,,blue,40.0,3,sigma,36.16353599739776
1,9.35,1,0,,pink,0.8333,3,sigma,153.08977660401877
1,9.35,1,0,,blue,18.0,3,sigma,78.73478801341142
1,18.7875,0,0,,pink,26.0,3,gamma,36.29735144467967
0,7.8875,0,0,,pink,26.0,3,sigma,80.79185282612276
0,7.925,0,0,,pink,20.0,3,sigma,81.81052725651256
0,7.05,0,0,,pink,24.0,3,sigma,70.60465320772096
0,7.05,0,0,,pink,25.0,3,sigma,123.82756595734648
0,8.05,0,0,,pink,35.0,3,sigma,198.05957783097568
0,8.3,0,0,,pink,18.0,3,sigma,133.94325539769045
0,22.525,0,0,,pink,32.0,3,sigma,109.74402148869346
1,7.8542,0,1,,blue,19.0,3,sigma,87.07296605765524
0,31.275,2,4,,pink,4.0,3,sigma,99.16006748393615
0,31.275,2,4,,blue,6.0,3,sigma,74.61835898375512
0,31.275,2,4,,blue,2.0,3,sigma,-2.7733485858991003
1,7.925,2,4,,blue,17.0,3,sigma,91.51390759241406
0,7.775,2,4,,blue,38.0,3,sigma,75.06394401443791
0,31.275,2,4,,blue,9.0,3,sigma,69.39561831703428
0,31.275,2,4,,blue,11.0,3,sigma,148.27517595926832
0,31.275,5,1,,pink,39.0,3,sigma,98.3566853743823
1,7.7958,0,0,,pink,27.0,3,sigma,86.43271087855038
0,7.775,0,0,,pink,26.0,3,sigma,47.94062192956855
0,31.275,5,1,,blue,39.0,3,sigma,142.44760820994077
0,7.8542,0,0,,pink,20.0,3,sigma,60.55353706614226
0,7.8958,0,0,,pink,26.0,3,sigma,67.43019244748609
0,17.8,0,1,,pink,25.0,3,sigma,160.35110499035432
0,17.8,0,1,,blue,18.0,3,sigma,143.18818052436976
0,7.775,0,0,,pink,24.0,3,sigma,151.55486905832882
0,7.05,0,0,,pink,35.0,3,sigma,7.973728811230146
0,31.3875,2,4,,pink,5.0,3,sigma,123.28368450246718
0,31.3875,2,4,,pink,9.0,3,sigma,105.41737592615826
1,31.3875,2,4,,pink,3.0,3,sigma,185.9237248067558
0,31.3875,2,4,,pink,13.0,3,sigma,86.9416852064772
1,31.3875,2,4,,blue,5.0,3,sigma,133.3559631675418
0,31.3875,5,1,,pink,40.0,3,sigma,118.44865672374702
1,7.7958,0,0,,pink,23.0,3,sigma,89.19159873028723
1,31.3875,5,1,,blue,38.0,3,sigma,157.01936319817787
1,7.225,0,0,,blue,45.0,3,gamma,186.42521371235887
0,7.225,0,0,,pink,21.0,3,gamma,90.78092444783486
0,7.05,0,0,,pink,23.0,3,sigma,148.40867135843075
0,14.4583,0,0,,blue,17.0,3,gamma,123.96497876501748
0,7.225,0,0,,pink,30.0,3,gamma,6.501979154228238
0,7.8542,0,0,,pink,23.0,3,sigma,133.95948298598148
1,7.2292,0,0,,blue,13.0,3,gamma,53.88324806861338
0,7.225,0,0,,pink,20.0,3,gamma,71.59992224372863
0,15.85,0,1,,pink,32.0,3,sigma,87.17824182057852
1,15.85,0,3,,blue,33.0,3,sigma,201.27740677499102
1,19.2583,1,2,,blue,0.75,3,gamma,132.33798856953425
1,19.2583,1,2,,blue,0.75,3,gamma,109.02362403580943
1,19.2583,1,2,,blue,5.0,3,gamma,71.86694468908797
1,19.2583,3,0,,blue,24.0,3,gamma,189.37482978770447
1,8.05,0,0,,blue,18.0,3,sigma,166.681799245943
0,7.225,0,0,,pink,40.0,3,gamma,33.62293007114965
0,7.8958,0,0,,pink,26.0,3,sigma,86.63678996808247
1,7.2292,0,0,,pink,20.0,3,gamma,223.66749933456242
0,14.4542,1,0,,blue,18.0,3,gamma,47.29650576947466
0,14.4542,1,0,,blue,45.0,3,gamma,90.44620958884532
0,7.8792,0,0,,blue,27.0,3,qoph,123.2296037508567
0,8.05,0,0,,pink,22.0,3,sigma,62.67278127669796
0,8.05,0,0,,pink,19.0,3,sigma,29.06888820214884
0,7.775,0,0,,pink,26.0,3,sigma,106.4703549902471
0,9.35,0,0,,pink,22.0,3,sigma,46.34005972247813
0,7.2292,0,0,,pink,,3,gamma,144.059141564949
0,4.0125,0,0,,pink,20.0,3,gamma,189.52024126921705
1,56.4958,0,0,,pink,32.0,3,sigma,108.6768129058175
0,7.775,0,0,,pink,21.0,3,sigma,171.96566306872543
0,7.75,0,0,,pink,18.0,3,sigma,117.32152229558032
0,7.8958,0,0,,pink,26.0,3,sigma,97.04041765777716
0,15.2458,1,1,,pink,6.0,3,gamma,107.70832055903786
0,15.2458,1,1,,blue,9.0,3,gamma,90.82145773870818
0,7.225,0,0,,pink,,3,gamma,80.9460451866742
0,15.2458,2,0,,blue,,3,gamma,93.71097904032456
0,7.75,2,0,,blue,,3,qoph,152.6694404966682
0,15.5,1,1,,pink,40.0,3,qoph,108.85682569204383
0,15.5,1,1,,blue,32.0,3,qoph,172.90295129889893
0,16.1,0,0,,pink,21.0,3,sigma,-25.1639555836648
1,7.725,0,0,,blue,22.0,3,qoph,15.090196422896895
0,7.8542,0,0,,blue,20.0,3,sigma,153.91104397052408
0,7.0458,0,1,,pink,29.0,3,sigma,94.1809572568301
0,7.25,0,1,,pink,22.0,3,sigma,149.1973526454618
0,7.7958,0,0,,pink,22.0,3,sigma,13.589731861554242
0,8.05,0,0,,pink,35.0,3,sigma,92.07715008543734
0,7.2833,0,0,,blue,18.5,3,qoph,38.63462538544358
1,7.8208,0,0,,pink,21.0,3,qoph,67.31846898548756
0,6.75,0,0,,pink,19.0,3,qoph,56.23259523848695
0,7.8792,0,0,,blue,18.0,3,qoph,112.2566394203971
0,8.6625,0,0,,blue,21.0,3,sigma,43.48239656958216
0,8.6625,0,0,,blue,30.0,3,sigma,119.68012019563034
0,8.6625,0,0,,pink,18.0,3,sigma,135.65881027752903
0,8.6625,0,0,,pink,38.0,3,sigma,154.2044695311276
0,8.6625,0,0,,pink,17.0,3,sigma,62.63147279320237
0,8.6625,0,0,,pink,17.0,3,sigma,138.9035593700154
0,7.75,0,0,,blue,21.0,3,qoph,99.5319048509718
0,7.75,0,0,,pink,21.0,3,qoph,71.5569975080998
0,8.05,0,0,,pink,21.0,3,sigma,132.91631108725426
0,14.4583,0,1,,pink,,3,gamma,153.18857897090862
0,14.4583,0,1,,blue,,3,gamma,175.85928409861367
0,7.7958,0,0,,pink,28.0,3,sigma,45.83751107231606
0,7.8542,0,0,,pink,24.0,3,sigma,51.48907054470206
1,7.75,0,0,,blue,16.0,3,qoph,57.814510178124785
0,7.75,0,0,,blue,37.0,3,qoph,88.51373821368328
0,7.25,0,0,,pink,28.0,3,sigma,65.54812850745316
0,8.05,0,0,,pink,24.0,3,sigma,63.60684369697732
0,7.7333,0,0,,pink,21.0,3,qoph,137.07239714325965
1,56.4958,0,0,,pink,32.0,3,sigma,53.77797916698482
0,8.05,0,0,,pink,29.0,3,sigma,62.71759487095486
0,14.4542,0,1,,pink,26.0,3,gamma,75.52448153274337
0,14.4542,0,1,,pink,18.0,3,gamma,99.89162781165587
0,7.05,0,0,,pink,20.0,3,sigma,100.72121840266276
1,8.05,0,0,,pink,18.0,3,sigma,183.17662700196763
0,7.25,0,0,,pink,24.0,3,qoph,39.73421168621606
0,7.4958,0,0,,pink,36.0,3,sigma,104.67008692346913
0,7.4958,0,0,,pink,24.0,3,sigma,152.76591195995485
0,7.7333,0,0,,pink,31.0,3,qoph,120.93872830309684
0,7.75,0,0,,pink,31.0,3,qoph,125.8879051446294
1,7.75,0,0,,blue,22.0,3,qoph,57.93797821646158
0,7.6292,0,0,,blue,30.0,3,qoph,163.725113576106
0,7.75,0,0,,pink,70.5,3,qoph,62.19430973577097
0,8.05,0,0,,pink,43.0,3,sigma,112.6664569895445
0,7.8958,0,0,,pink,35.0,3,sigma,95.10037950823175
0,7.8958,0,0,,pink,27.0,3,sigma,-10.561903253099516
0,7.8958,0,0,,pink,19.0,3,sigma,83.56750491816327
0,8.05,0,0,,pink,30.0,3,sigma,26.703833277007377
1,15.9,1,1,,pink,9.0,3,sigma,133.70669765213398
1,15.9,1,1,,pink,3.0,3,sigma,53.08631430900686
1,15.9,2,0,,blue,36.0,3,sigma,75.26902074543094
0,7.25,0,0,,pink,59.0,3,sigma,51.623780344326256
0,8.1583,0,0,,pink,19.0,3,sigma,172.72249183989868
1,16.1,1,0,,blue,17.0,3,sigma,158.42679134622063
0,16.1,1,0,,pink,44.0,3,sigma,93.8177708262663
0,8.6625,0,0,,pink,17.0,3,sigma,24.46754915022059
0,7.225,0,0,,pink,22.5,3,gamma,85.84045507503339
1,8.05,0,0,,pink,45.0,3,sigma,172.20367214709557
0,10.5167,0,0,,blue,22.0,3,sigma,92.11770173212072
0,10.1708,0,0,,pink,19.0,3,sigma,35.70977930951938
1,6.95,0,0,,blue,30.0,3,qoph,110.00133631200555
1,7.75,0,0,,pink,29.0,3,qoph,143.68840386014784
0,14.4,2,0,,pink,0.3333,3,sigma,152.63969781660816
0,14.4,1,1,,pink,34.0,3,sigma,114.42075772122077
0,14.4,1,1,,blue,28.0,3,sigma,185.00127383554104
0,7.8958,0,0,,pink,27.0,3,sigma,92.88010361849099
0,7.8958,0,0,,pink,25.0,3,sigma,-20.684545883488894
0,24.15,0,2,,pink,24.0,3,sigma,-32.92284689801116
0,8.05,0,0,,pink,22.0,3,sigma,148.0266184809222
0,24.15,0,2,,pink,21.0,3,sigma,71.318358792483
0,8.05,0,2,,pink,17.0,3,sigma,31.087176852251645
0,16.1,0,1,,pink,,3,sigma,125.5242355995697
1,16.1,0,1,,blue,,3,sigma,164.9299644653325
1,17.4,0,1,,pink,36.5,3,sigma,16.06916436061144
1,17.4,0,1,,blue,36.0,3,sigma,55.05068030961534
1,9.5,0,0,,pink,30.0,3,sigma,77.63737069598199
0,9.5,0,0,,pink,16.0,3,sigma,116.69459873051495
1,20.575,2,1,,pink,1.0,3,sigma,135.17505317223242
1,20.575,2,1,,blue,0.1667,3,sigma,181.90979560128648
0,20.575,2,1,,pink,26.0,3,sigma,92.92968764704091
1,20.575,2,1,,blue,33.0,3,sigma,143.97505802361357
0,7.8958,0,0,,pink,25.0,3,sigma,129.8041697846137
0,7.8958,0,0,,pink,,3,sigma,122.05483366849941
0,7.8958,0,0,,pink,,3,sigma,57.67758054450981
0,7.25,0,0,,pink,22.0,3,sigma,100.33492227429687
0,7.25,0,0,,pink,36.0,3,sigma,70.30089419252988
1,7.8792,0,0,,blue,19.0,3,qoph,105.17604002090958
0,7.8958,0,0,,pink,17.0,3,sigma,123.98530341696092
0,8.6625,0,0,,pink,42.0,3,sigma,127.91202665445353
0,7.8958,0,0,,pink,43.0,3,sigma,69.8085837995046
0,7.2292,0,0,,pink,,3,gamma,130.52792302910905
0,7.75,0,0,,pink,32.0,3,qoph,151.1393698165296
1,8.05,0,0,,pink,19.0,3,sigma,74.50088634714871
1,12.475,0,0,,blue,30.0,3,sigma,90.34867074994236
0,7.75,0,0,,blue,24.0,3,qoph,3.360391993544326
1,8.05,0,0,,blue,23.0,3,sigma,130.87608488651233
0,7.8958,0,0,,pink,33.0,3,gamma,135.0369468102256
0,7.75,0,0,,pink,65.0,3,qoph,154.11821753055614
1,7.55,0,0,,pink,24.0,3,sigma,112.98881843694363
0,13.9,0,1,,pink,23.0,3,sigma,91.6575706959554
1,13.9,0,1,,blue,22.0,3,sigma,69.47167981627288
0,7.775,0,0,,pink,18.0,3,sigma,64.64395163016528
0,7.775,0,0,,pink,16.0,3,sigma,47.93208297255006
0,6.975,0,0,,pink,45.0,3,sigma,134.2932428657761
0,7.225,0,0,,pink,,3,gamma,136.68357287189315
0,7.2292,2,0,,pink,39.0,3,gamma,101.78643900080836
0,7.2292,1,1,,pink,17.0,3,gamma,241.8704968360027
0,7.2292,1,1,,pink,15.0,3,gamma,161.42348344366303
0,7.25,0,0,,pink,47.0,3,sigma,87.20251453529157
1,12.475,0,0,,blue,5.0,3,sigma,88.49930625342441
0,7.225,0,0,,pink,,3,gamma,83.97878766444326
0,15.1,0,0,,pink,40.5,3,sigma,88.41570466213116
0,7.75,0,0,,pink,40.5,3,qoph,32.905020312491615
1,7.05,0,0,,pink,,3,sigma,129.34271230323267
0,7.7958,0,0,,pink,18.0,3,sigma,162.32402788389197
0,7.75,0,0,,blue,,3,qoph,85.0930800095708
0,7.75,0,0,,pink,,3,qoph,104.69813690638152
0,6.95,0,0,,pink,,3,qoph,72.43157074156082
0,7.8792,0,0,,pink,26.0,3,qoph,92.48747816292568
0,7.75,0,0,,pink,,3,qoph,102.71022620215656
1,56.4958,0,0,,pink,,3,sigma,174.34518987669915
0,34.375,2,2,,blue,21.0,3,sigma,23.63425734142936
0,34.375,2,2,,blue,9.0,3,sigma,153.91078457812185
0,8.05,0,0,,pink,,3,sigma,91.83764659361626
0,34.375,2,2,,pink,18.0,3,sigma,175.30035183495937
0,34.375,3,1,,pink,16.0,3,sigma,64.04549668330102
0,34.375,3,1,,blue,48.0,3,sigma,153.20229292387398
0,7.75,0,0,,pink,,3,qoph,140.31883615247534
0,7.25,0,0,,pink,,3,sigma,104.36769215442925
0,7.7417,0,0,,pink,25.0,3,qoph,47.327547789742596
0,14.5,0,0,,pink,,3,sigma,48.96387914677639
0,7.8958,0,0,,pink,,3,gamma,107.8624347991665
0,8.05,0,0,,pink,22.0,3,sigma,134.47509499949948
1,7.7333,0,0,,blue,16.0,3,qoph,191.50965679154086
1,7.75,0,0,,blue,,3,qoph,-13.492944382916463
1,20.525,2,0,,pink,9.0,3,sigma,97.87657061597928
0,20.525,1,1,,pink,33.0,3,sigma,238.63542472686703
0,7.85,0,0,,pink,41.0,3,sigma,41.06788622062202
1,20.525,1,1,,blue,31.0,3,sigma,173.06564433854697
0,7.05,0,0,,pink,38.0,3,sigma,147.4203489869406
0,46.9,2,5,,pink,9.0,3,sigma,100.2435028127593
0,46.9,2,5,,pink,1.0,3,sigma,87.59689800168758
0,46.9,2,5,,pink,11.0,3,sigma,139.26522641728386
0,46.9,2,5,,blue,10.0,3,sigma,32.13114702061705
0,46.9,2,5,,blue,16.0,3,sigma,179.90050172745845
0,46.9,2,5,,pink,14.0,3,sigma,73.06172615208754
0,46.9,6,1,,pink,40.0,3,sigma,186.4914882404666
0,46.9,6,1,,blue,43.0,3,sigma,95.27524734553295
0,8.05,0,0,,pink,51.0,3,sigma,83.70794806532541
0,8.3625,0,0,,pink,32.0,3,sigma,42.202990292883555
0,8.05,0,0,,pink,,3,sigma,114.70154994321638
0,9.8458,0,0,,pink,20.0,3,sigma,82.40587341412439
0,7.925,0,2,,pink,37.0,3,sigma,126.40957812244952
0,7.925,0,2,,pink,28.0,3,sigma,79.61035819070796
0,7.775,0,0,,pink,19.0,3,sigma,74.7239239410863
0,8.85,0,0,,blue,24.0,3,sigma,46.11219219748997
0,7.7333,0,0,,blue,17.0,3,qoph,193.88004606218632
0,19.9667,0,1,,pink,,3,sigma,120.84967459078669
0,19.9667,0,1,,pink,,3,sigma,48.31162960089056
0,15.85,0,1,,pink,28.0,3,sigma,106.0892656615878
1,15.85,0,1,,blue,24.0,3,sigma,82.34121551151235
0,9.5,0,0,,pink,20.0,3,sigma,108.70423236427857
0,7.2292,0,0,,pink,23.5,3,gamma,41.39738720007179
0,14.1083,0,2,,pink,41.0,3,sigma,12.887376713495954
0,7.8542,0,1,,pink,26.0,3,sigma,73.0631702294957
0,7.8542,0,0,,pink,21.0,3,sigma,122.8441979925587
1,14.1083,0,1,,blue,45.0,3,sigma,98.66764056688177
0,7.55,0,0,,blue,,3,sigma,43.601719980091836
0,7.25,0,0,,pink,25.0,3,sigma,96.25262751842384
0,6.8583,0,0,,pink,,3,qoph,175.21802425730004
0,18.7875,0,0,,pink,11.0,3,gamma,80.55591097500026
1,7.75,0,0,,blue,,3,qoph,130.79832706908238
1,6.975,0,0,,pink,27.0,3,sigma,101.44070093216115
1,56.4958,0,0,,pink,,3,sigma,41.41707207651349
0,6.75,0,0,,blue,18.0,3,qoph,107.37853616508016
1,7.925,0,0,,blue,26.0,3,sigma,84.05926951947083
0,7.925,0,0,,blue,23.0,3,sigma,77.91776938591278
1,8.9625,0,0,,blue,22.0,3,sigma,17.70396117243257
0,7.8958,0,0,,pink,28.0,3,sigma,99.81100211268058
0,7.775,0,0,,blue,28.0,3,sigma,108.46763217159369
0,7.75,0,0,,blue,,3,qoph,92.78482574651656
1,12.2875,1,0,,blue,2.0,3,sigma,218.15587816029404
1,12.2875,1,1,,blue,22.0,3,sigma,114.84680998787299
0,6.45,0,0,,pink,43.0,3,sigma,49.51089180835536
0,22.525,0,0,,pink,28.0,3,sigma,101.19634068080076
1,7.925,0,0,,blue,27.0,3,sigma,80.91430701941096
0,7.75,0,0,,pink,,3,qoph,13.919719414467096
1,8.05,0,0,,blue,,3,sigma,80.75482579518956
0,7.65,0,0,fermat,pink,42.0,3,sigma,109.05181464489469
1,7.8875,0,0,,pink,,3,sigma,89.66406566117737
0,7.2292,0,0,,pink,30.0,3,gamma,169.2029871664857
0,7.8958,0,0,,pink,,3,sigma,178.5702305287931
0,7.925,0,1,,blue,27.0,3,sigma,48.52544346641018
0,7.925,0,1,,blue,25.0,3,sigma,158.4790329928425
0,7.8958,0,0,,pink,,3,sigma,118.87897625490275
1,7.8958,0,0,,pink,29.0,3,gamma,55.88243273763664
1,7.7958,0,0,,pink,21.0,3,sigma,151.01203479134185
0,7.05,0,0,,pink,,3,sigma,108.53281362229926
0,7.8542,0,0,,pink,20.0,3,sigma,62.67428630700409
0,7.8542,0,0,,pink,48.0,3,sigma,213.18602228394246
0,7.0542,0,1,,pink,17.0,3,sigma,64.70921343568119
1,7.75,0,0,,blue,,3,qoph,109.89604722802935
1,8.1125,0,0,,pink,,3,sigma,129.83820613160447
0,6.4958,0,0,,pink,34.0,3,sigma,98.55671574051058
1,7.775,0,0,,pink,26.0,3,sigma,173.71733243481603
0,7.7958,0,0,,pink,22.0,3,sigma,55.091270298379044
0,8.6542,0,0,,pink,33.0,3,sigma,166.4841884863302
0,7.775,0,0,,pink,31.0,3,sigma,109.315757726036
0,7.8542,0,0,,pink,29.0,3,sigma,116.41248266587084
1,11.1333,1,1,,pink,4.0,3,sigma,126.80052956056909
1,11.1333,1,1,,blue,1.0,3,sigma,35.89048532310808
0,0.0,0,0,,pink,49.0,3,sigma,103.8712394811785
0,7.775,0,0,,pink,33.0,3,sigma,100.92939656401113
0,0.0,0,0,,pink,19.0,3,sigma,86.79571676006972
1,11.1333,2,0,,blue,27.0,3,sigma,97.07244776555578
0,23.45,2,1,,pink,,3,sigma,89.65721709097572
0,23.45,2,1,,blue,,3,sigma,168.79595175457098
0,23.45,2,1,,pink,,3,sigma,68.03490033716491
0,23.45,2,1,,blue,,3,sigma,19.270529226424287
0,7.8958,0,0,,pink,23.0,3,sigma,61.324524249781525
1,7.8542,0,0,,pink,32.0,3,sigma,18.472965530450153
0,7.8542,0,0,,pink,27.0,3,sigma,147.7983245081834
0,9.825,0,1,,blue,20.0,3,sigma,65.07579825986528
0,9.825,0,1,,blue,21.0,3,sigma,32.33286860296906
1,7.925,0,0,,pink,32.0,3,sigma,52.27526472907048
0,7.125,0,0,,pink,17.0,3,sigma,76.33552397550847
0,8.4333,0,0,,pink,21.0,3,sigma,125.09243313158743
0,7.8958,0,0,,pink,30.0,3,sigma,156.45602174917693
1,7.7958,0,0,,pink,21.0,3,sigma,163.04035530006638
0,7.8542,0,0,,pink,33.0,3,sigma,82.58604134755777
0,7.5208,0,0,,pink,22.0,3,sigma,133.9958365540528
1,13.4167,1,0,,blue,4.0,3,gamma,83.87868911944847
1,13.4167,1,0,,pink,39.0,3,gamma,98.16731034804268
0,7.2292,0,0,,pink,,3,gamma,172.60831601284232
0,7.2292,0,0,,pink,18.5,3,gamma,161.2801142234677
0,7.75,0,0,,pink,,3,qoph,116.19050988786404
0,7.25,0,0,,pink,,3,sigma,102.14481788101448
1,7.75,0,0,,blue,,3,qoph,5.165408510028371
1,7.75,0,0,,blue,,3,qoph,115.93496909606448
0,7.8292,0,0,,pink,34.5,3,qoph,166.051273473357
0,8.05,0,0,,pink,44.0,3,sigma,264.6922898178428
1,7.75,0,0,,pink,,3,qoph,202.0522878799636
0,14.4542,0,1,,pink,,3,gamma,84.60132419847129
0,14.4542,0,1,,blue,,3,gamma,96.11980346098474
0,7.75,0,1,,pink,,3,qoph,125.57766455823338
0,7.75,0,1,,pink,,3,qoph,83.73574326202174
0,7.7375,0,0,,pink,,3,qoph,114.09091181934326
0,8.6625,0,2,,blue,22.0,3,sigma,123.50235341922527
0,8.6625,0,2,,pink,26.0,3,sigma,67.75518943311127
1,22.025,2,0,,blue,4.0,3,sigma,146.79008839093174
1,22.025,1,3,,pink,29.0,3,sigma,78.97618679757723
1,22.025,1,1,,blue,26.0,3,sigma,158.69488254053942
0,12.1833,1,1,,blue,1.0,3,sigma,143.08564548404956
0,7.8542,1,1,,pink,18.0,3,sigma,5.01161702387067
0,12.1833,2,0,,blue,36.0,3,sigma,136.0084242606922
0,7.8958,0,0,,pink,,3,gamma,56.981851813395764
1,7.2292,0,0,fermat,pink,25.0,3,gamma,43.722080756257284
0,7.225,0,0,,pink,,3,gamma,100.39067732352605
0,9.5875,0,0,,blue,37.0,3,sigma,96.69007344052764
0,7.8958,0,0,,pink,,3,sigma,162.48032232726948
1,56.4958,0,0,,pink,,3,sigma,57.744543405588736
0,56.4958,0,0,,pink,,3,sigma,6.1465772907559995
1,7.25,0,0,,blue,22.0,3,sigma,-13.290781475916475
0,7.75,0,0,,pink,,3,qoph,74.63230440529381
1,56.4958,0,0,,pink,26.0,3,sigma,61.06573591708932
0,9.4833,0,0,,pink,29.0,3,sigma,85.00089850166987
0,7.775,0,0,,pink,29.0,3,sigma,106.45940444027806
0,7.775,0,0,,pink,22.0,3,sigma,147.42749979016264
1,7.225,0,0,,pink,22.0,3,gamma,139.82869157017765
0,25.4667,1,3,,pink,,3,sigma,146.64535785630994
0,25.4667,1,3,,blue,,3,sigma,86.41528432942962
0,25.4667,1,3,,blue,,3,sigma,155.48960687496876
0,25.4667,1,3,,blue,,3,sigma,107.04605429096972
0,25.4667,4,0,,blue,,3,sigma,147.09619409687653
0,7.925,0,0,,pink,32.0,3,sigma,126.61654857714198
0,6.4375,0,0,,pink,34.5,3,gamma,120.4257766880348
0,15.5,0,1,,blue,,3,qoph,93.01907440089144
0,15.5,0,1,,pink,,3,qoph,59.10292757899557
0,0.0,0,0,,pink,36.0,3,sigma,32.191784783803826
0,24.15,0,0,,pink,39.0,3,sigma,116.18494573865317
0,9.5,0,0,,pink,24.0,3,sigma,21.098722039346512
0,7.775,0,0,,blue,25.0,3,sigma,72.90188122733272
0,7.75,0,0,,blue,45.0,3,sigma,130.72977757505132
0,15.55,0,1,,pink,36.0,3,sigma,155.8462578013005
0,15.55,0,1,,blue,30.0,3,sigma,153.94516380915834
1,7.925,0,1,,pink,20.0,3,sigma,114.06405111598364
0,7.8792,0,0,,pink,,3,qoph,87.03335699156318
0,56.4958,0,0,,pink,28.0,3,sigma,132.5300922340079
0,7.55,0,0,,pink,,3,sigma,123.90333864451577
0,16.1,0,1,,pink,30.0,3,sigma,206.16763471696822
0,16.1,0,1,,blue,26.0,3,sigma,115.68073618816648
0,7.8792,0,0,,pink,,3,sigma,78.20949607843798
0,7.25,0,0,,pink,20.5,3,sigma,142.9373584894846
1,8.6625,0,0,,pink,27.0,3,sigma,129.90697873056595
0,7.0542,0,0,,pink,51.0,3,sigma,176.7050033360627
1,7.8542,0,0,,blue,23.0,3,sigma,158.32277919803627
1,7.5792,0,0,,pink,32.0,3,sigma,92.95219458099716
0,7.8958,0,0,,pink,,3,sigma,93.63819711314268
0,7.55,0,0,,pink,,3,sigma,45.83688644451719
1,7.75,0,0,,blue,,3,qoph,80.41039821639039
1,7.1417,0,0,,pink,24.0,3,sigma,158.81892858762382
0,7.125,0,0,,pink,22.0,3,sigma,111.44855207046969
0,7.8792,0,0,,blue,,3,qoph,183.57138849882625
0,7.75,0,0,,pink,,3,qoph,78.96636926489678
0,8.05,0,0,,pink,,3,sigma,123.43168978251778
0,7.925,0,0,,pink,29.0,3,sigma,71.31661735546544
1,7.2292,0,0,,pink,,3,gamma,47.70028613080493
0,7.75,0,0,,blue,30.5,3,qoph,176.5790626012393
1,7.7375,0,0,,blue,,3,qoph,164.53464436380358
0,7.2292,0,0,fermat,pink,,3,gamma,201.9180089760241
0,7.8958,0,0,,pink,35.0,3,gamma,39.25571633664333
0,7.8958,0,0,,pink,33.0,3,sigma,135.90073190692567
1,7.225,0,0,,blue,,3,gamma,59.01392426622546
0,7.8958,0,0,,pink,,3,gamma,151.44023526007905
1,7.75,0,0,,blue,,3,qoph,56.61567743307478
1,7.75,0,0,,pink,,3,qoph,163.18132771062548
1,23.25,0,2,,blue,,3,qoph,121.92155228733343
1,23.25,0,2,,blue,,3,qoph,182.37154548989696
1,23.25,0,2,,pink,,3,qoph,109.8636590677109
1,7.7875,0,0,,blue,,3,qoph,67.43452893161755
0,15.5,0,0,,pink,,3,qoph,46.00906876893048
1,7.8792,0,0,,blue,,3,qoph,112.36691573128891
1,8.0292,0,0,,blue,15.0,3,qoph,83.35667395114069
0,7.75,0,0,,blue,35.0,3,qoph,104.1788946641113
0,7.75,0,0,,pink,,3,qoph,63.84472778930049
0,16.1,0,1,,pink,24.0,3,sigma,86.25188081524276
0,16.1,0,1,,blue,19.0,3,sigma,135.12557835868995
0,7.75,0,0,,blue,,3,qoph,47.00087816210203
0,8.05,0,0,,blue,,3,sigma,203.85495130172694
0,8.05,0,0,,blue,,3,sigma,119.77263295935663
0,8.05,0,0,,pink,55.5,3,sigma,85.70273244528474
0,7.75,0,0,,pink,,3,qoph,111.22016006316181
1,7.775,0,0,,pink,21.0,3,sigma,102.23902764337205
0,8.05,0,0,,pink,,3,sigma,108.54289329444389
0,7.8958,0,0,,pink,24.0,3,sigma,97.72567960704002
0,7.8958,0,0,,pink,21.0,3,sigma,91.46708294240864
0,7.8958,0,0,,pink,28.0,3,sigma,135.36683053446
0,7.8958,0,0,,pink,,3,sigma,133.88340779740884
1,7.8792,0,0,,blue,,3,qoph,104.51771085918888
0,7.65,0,0,fermat,pink,25.0,3,sigma,114.7892095087205
1,12.475,1,0,euler-132,pink,6.0,3,sigma,46.941877742715064
1,12.475,1,0,euler-132,blue,27.0,3,sigma,185.15166105886868
0,8.05,0,0,,pink,,3,sigma,122.54608154735078
1,24.15,0,1,,blue,,3,qoph,94.88195759441884
0,24.15,0,1,,pink,,3,qoph,188.74738507782263
0,8.4583,0,0,,pink,,3,qoph,70.10781836466327
0,8.05,0,0,,pink,34.0,3,sigma,114.63695736338148
0,7.75,0,0,,pink,,3,qoph,120.39329780544172
1,7.775,0,0,,pink,,3,sigma,46.5763990946814
1,15.2458,1,1,,pink,,3,gamma,52.765767218174076
1,15.2458,1,1,,pink,,3,gamma,45.77324823284975
1,15.2458,2,0,,blue,,3,gamma,127.69768870902043
1,7.2292,0,0,,blue,,3,gamma,124.41582536364811
0,8.05,0,0,,pink,,3,sigma,128.631949338351
1,7.7333,0,0,,blue,,3,qoph,216.1816650860879
1,7.75,0,0,,blue,24.0,3,qoph,93.68408937815286
0,8.05,0,0,,pink,,3,sigma,120.86310183044318
1,15.5,0,1,,blue,,3,qoph,157.09194805679735
1,15.5,0,1,,blue,,3,qoph,127.12671612745967
1,15.5,0,0,,blue,,3,qoph,142.05349941708468
0,7.75,0,0,,pink,18.0,3,sigma,65.7408972651869
0,7.8958,0,0,,pink,22.0,3,sigma,148.2778158992454
1,7.225,0,0,,blue,15.0,3,gamma,49.40051246929874
1,15.7417,2,0,,blue,1.0,3,gamma,17.58640614332458
1,15.7417,1,1,,pink,20.0,3,gamma,91.0948213362366
1,15.7417,1,1,,blue,19.0,3,gamma,178.40620964859153
0,8.05,0,0,,pink,33.0,3,sigma,21.091981002131135
0,7.8958,0,0,,pink,,3,sigma,163.12608471981378
0,7.2292,0,0,,pink,,3,gamma,168.89142172288652
0,7.75,0,0,,blue,,3,qoph,117.42606675638504
0,7.8958,0,0,,pink,,3,sigma,197.5887346661645
1,11.2417,0,1,,pink,12.0,3,gamma,168.24897508531097
1,11.2417,0,1,,blue,14.0,3,gamma,96.53078141283045
0,7.925,0,0,,blue,29.0,3,sigma,115.05660709016307
0,8.05,0,0,,pink,28.0,3,sigma,71.03734624895937
1,7.775,0,0,,blue,18.0,3,sigma,157.16721821241714
1,7.8542,0,0,,blue,26.0,3,sigma,90.80801575976172
0,7.8542,0,0,,pink,21.0,3,sigma,110.44116829367584
0,7.125,0,0,,pink,41.0,3,sigma,104.87270378654392
1,7.925,0,0,,pink,39.0,3,sigma,87.33862537301175
0,7.8,0,0,,pink,21.0,3,sigma,71.42455074908383
0,7.2292,0,0,,pink,28.5,3,gamma,117.798036069361
1,7.75,0,0,,blue,22.0,3,sigma,100.42474337420883
0,6.2375,0,0,,pink,61.0,3,sigma,93.28892737967833
0,15.5,0,1,,pink,,3,qoph,60.87356985920144
0,7.8292,0,0,,pink,,3,qoph,45.01883768904702
1,15.5,0,1,,blue,,3,qoph,109.9249528802296
0,7.7333,0,0,,pink,,3,qoph,109.17092700807203
0,7.75,0,0,,pink,,3,qoph,162.89443528687133
0,7.75,0,0,,pink,,3,qoph,48.08003403519238
0,9.225,0,0,,pink,23.0,3,sigma,107.94585732912685
0,7.75,0,0,,blue,,3,qoph,4.414686033033917
1,7.75,0,0,,blue,,3,qoph,88.32493770409695
1,7.8792,0,0,,blue,,3,qoph,40.11901169172161
1,7.775,0,0,,blue,22.0,3,sigma,47.64273624449985
1,7.75,0,0,,pink,,3,qoph,121.56317016254279
1,7.8292,0,0,,blue,,3,qoph,131.76049823302253
1,3.1708,1,0,,pink,9.0,3,sigma,73.84857067745384
0,22.525,0,0,,pink,28.0,3,sigma,97.08638387459666
0,8.4042,1,0,,pink,42.0,3,sigma,78.23993417327323
0,7.3125,0,0,,pink,,3,sigma,114.05861076317046
0,7.8542,0,0,,blue,31.0,3,sigma,74.67234537673099
0,7.8542,0,0,,pink,28.0,3,sigma,67.38007998990552
1,7.775,0,0,,pink,32.0,3,sigma,86.83572560211502
0,9.225,0,0,,pink,20.0,3,sigma,98.72106675685873
0,8.6625,0,0,,blue,23.0,3,sigma,60.49920024231884
0,8.6625,0,0,,blue,20.0,3,sigma,11.296006705505206
0,8.6625,0,0,,pink,20.0,3,sigma,81.64780536351563
0,9.2167,0,0,,pink,16.0,3,sigma,220.98706024552308
1,8.6833,0,0,,blue,31.0,3,sigma,114.1593208122788
0,7.6292,0,0,,blue,,3,qoph,148.09866140363008
0,21.075,1,3,,pink,2.0,3,sigma,46.28347458241288
0,21.075,1,3,,pink,6.0,3,sigma,114.56893160280745
0,21.075,1,3,,blue,3.0,3,sigma,106.52559774795982
0,21.075,1,3,,blue,8.0,3,sigma,117.98960934622116
0,21.075,4,0,,blue,29.0,3,sigma,82.52598238977744
0,39.6875,1,4,,pink,1.0,3,sigma,59.29491495149021
0,39.6875,1,4,,pink,7.0,3,sigma,110.12422545774008
0,39.6875,1,4,,pink,2.0,3,sigma,124.7990365947473
0,39.6875,1,4,,pink,16.0,3,sigma,148.23806684440754
0,39.6875,1,4,,pink,14.0,3,sigma,168.2735857950223
0,39.6875,5,0,,blue,41.0,3,sigma,128.4097588318055
0,8.6625,0,0,,pink,21.0,3,sigma,115.40898552723327
0,14.5,0,0,,pink,19.0,3,sigma,16.059428496804145
0,8.7125,0,0,,pink,,3,gamma,141.85529614164287
0,7.8958,0,0,,pink,32.0,3,sigma,-29.531966953868704
0,13.775,1,1,,pink,0.75,3,sigma,118.23473713005664
0,13.775,1,1,,blue,3.0,3,sigma,119.9399365346527
0,13.775,2,0,,blue,26.0,3,sigma,7.340177956825585
0,7.0,0,0,,pink,,3,sigma,43.57983343151146
0,7.775,0,0,,pink,,3,sigma,153.71818655470315
0,8.05,0,0,,pink,,3,sigma,152.0552012647434
0,7.925,0,0,,pink,21.0,3,sigma,160.81181677502192
0,7.925,0,0,,pink,25.0,3,sigma,157.60768822818608
0,7.25,0,0,,pink,22.0,3,sigma,35.21612297361159
1,7.775,0,1,,pink,25.0,3,sigma,104.40638534588865
1,22.3583,1,1,,pink,,3,gamma,181.60388731205356
1,22.3583,1,1,fermat,blue,,3,gamma,144.00984438604468
1,22.3583,2,0,,blue,,3,gamma,58.72366145088916
0,8.1375,0,0,,blue,,3,qoph,76.41616037362311
0,8.05,0,0,,pink,24.0,3,sigma,202.38150689788915
0,7.8958,0,0,,blue,28.0,3,sigma,174.87000621313294
0,7.8958,0,0,,pink,19.0,3,sigma,-8.176748170913157
0,7.8958,0,0,,pink,,3,sigma,187.15353872269577
0,7.775,0,1,,pink,25.0,3,sigma,114.66193782651504
0,7.775,0,0,,blue,18.0,3,sigma,125.71519909054649
1,8.05,0,0,euler-21,pink,32.0,3,sigma,43.02506430516379
0,7.8958,0,0,,pink,,3,sigma,-4.355479091450462
0,8.6625,0,0,,pink,17.0,3,sigma,58.909078462741235
0,8.6625,0,0,,pink,24.0,3,sigma,147.8637591149658
0,7.8958,0,0,,pink,,3,sigma,148.62554918388088
0,8.1125,0,0,,blue,,3,sigma,120.39544260695703
0,7.2292,0,0,,pink,,3,gamma,116.64243641465185
0,7.25,0,0,,pink,,3,sigma,158.47425245034927
0,7.8958,0,0,,pink,38.0,3,sigma,103.265592321777
0,8.05,0,0,,pink,21.0,3,sigma,106.5294768886144
0,29.125,1,4,,pink,10.0,3,qoph,154.56451860601712
0,29.125,1,4,,pink,4.0,3,qoph,80.0582309540813
0,29.125,1,4,,pink,7.0,3,qoph,184.5928255438322
0,29.125,1,4,,pink,2.0,3,qoph,45.049678664850966
0,29.125,1,4,,pink,8.0,3,qoph,145.91218346034265
0,29.125,5,0,,blue,39.0,3,qoph,234.569653698682
0,39.6875,0,0,,blue,22.0,3,sigma,76.83184354901238
0,7.125,0,0,,pink,35.0,3,sigma,54.31835549855978
1,7.7208,0,0,,blue,,3,qoph,69.28043578109035
0,14.5,0,0,,pink,,3,sigma,170.27703430905166
0,14.5,0,0,,blue,,3,sigma,103.33814238541454
0,14.5,0,1,,pink,50.0,3,sigma,241.18131406832447
0,14.5,0,1,,blue,47.0,3,sigma,177.05598381874944
0,8.05,0,0,,pink,,3,sigma,47.97318329546463
0,7.775,0,0,,pink,,3,sigma,131.5115865094441
0,20.2125,1,1,,blue,2.0,3,sigma,110.59091917561699
0,20.2125,1,1,,pink,18.0,3,sigma,107.42565107200505
0,20.2125,2,0,,blue,41.0,3,sigma,156.33515051646108
1,8.05,0,0,,blue,,3,sigma,102.6235296744638
0,8.05,0,0,,pink,50.0,3,sigma,4.662659902715021
0,8.05,0,0,,pink,16.0,3,sigma,130.84111457116006
1,7.75,0,0,,pink,,3,qoph,106.26157750860355
0,24.15,0,0,,pink,,3,qoph,136.87689582051965
0,7.2292,0,0,,pink,,3,gamma,80.26919691626084
0,7.225,0,0,,pink,25.0,3,gamma,70.38738566055217
0,7.225,0,0,,pink,,3,gamma,72.23893204311648
0,7.7292,0,0,,pink,,3,qoph,132.78140800561528
0,7.575,0,0,,pink,,3,sigma,74.2463354358372
0,7.25,0,0,,pink,38.5,3,sigma,74.82819075133266
0,69.55,2,8,,pink,,3,sigma,73.03101725037601
0,69.55,2,8,,pink,14.5,3,sigma,88.47987675792349
0,69.55,2,8,,blue,,3,sigma,-2.562079606673649
0,69.55,2,8,,blue,,3,sigma,157.3326842593359
0,69.55,2,8,,blue,,3,sigma,2.013788562650973
0,69.55,2,8,,blue,,3,sigma,20.790379553803973
0,69.55,2,8,,pink,,3,sigma,131.99244945603613
0,69.55,2,8,,pink,,3,sigma,103.3430237273193
0,69.55,2,8,,pink,,3,sigma,205.30224487750976
0,69.55,9,1,,pink,,3,sigma,47.260157944866734
0,69.55,9,1,,blue,,3,sigma,112.16848345580736
0,9.325,0,0,,pink,24.0,3,sigma,108.89341407109787
1,7.65,0,0,,blue,21.0,3,sigma,46.64033180384802
0,7.925,0,0,,pink,39.0,3,sigma,201.5419238734646
0,21.6792,0,2,,pink,,3,gamma,138.71495130405174
0,21.6792,0,2,,pink,,3,gamma,61.457125492966505
0,21.6792,0,2,,pink,,3,gamma,124.11460596979848
1,16.7,1,1,germain-17,blue,1.0,3,sigma,128.7567470839721
1,16.7,2,0,germain-17,blue,24.0,3,sigma,165.6004824868332
1,16.7,1,1,germain-17,blue,4.0,3,sigma,145.1433933220926
1,9.5,0,0,,pink,25.0,3,sigma,-6.45119552924487
0,8.05,0,0,,pink,20.0,3,sigma,112.03537264469232
0,8.05,0,0,,pink,24.5,3,sigma,38.224908329245935
0,7.725,0,0,,pink,,3,qoph,80.88857813399417
0,7.8958,0,0,,pink,,3,sigma,98.11976460819453
0,7.75,0,0,,pink,,3,qoph,50.08537861908178
1,9.5,0,0,,pink,29.0,3,sigma,95.08216762256731
0,15.1,0,0,,pink,,3,sigma,38.50335463567151
1,7.7792,0,0,,blue,,3,qoph,67.46972175456064
0,8.05,0,0,,pink,,3,sigma,79.00056959086781
0,8.05,0,0,,pink,,3,sigma,167.21119999370978
0,7.2292,0,0,,pink,22.0,3,gamma,20.497619373193672
0,8.05,0,0,,pink,,3,sigma,18.356028805434477
0,7.8958,0,0,,pink,40.0,3,sigma,127.00233602491794
0,7.925,0,0,,pink,21.0,3,sigma,62.83863099554837
1,7.4958,0,0,,blue,18.0,3,sigma,204.1441219659681
0,27.9,2,3,,pink,4.0,3,sigma,67.79098865075417
0,27.9,2,3,,pink,10.0,3,sigma,86.36084028068225
0,27.9,2,3,,blue,9.0,3,sigma,137.64720934632226
0,27.9,2,3,,blue,2.0,3,sigma,129.63744327240292
0,27.9,4,1,,pink,40.0,3,sigma,98.26834404669671
0,27.9,4,1,,blue,45.0,3,sigma,147.37096566722437
0,7.8958,0,0,,pink,,3,sigma,96.93261192566261
0,8.05,0,0,,pink,,3,sigma,-22.28666149592297
0,8.6625,0,0,,pink,,3,sigma,154.26076375756577
0,7.75,0,0,,pink,,3,qoph,142.3693875298072
1,7.7333,0,0,,blue,,3,qoph,71.68720177957653
0,7.65,0,0,fermat,pink,19.0,3,sigma,82.11088817471774
0,8.05,0,0,,pink,30.0,3,sigma,73.40663359813922
0,8.05,0,0,,pink,,3,sigma,115.03863385958809
0,8.05,0,0,,pink,32.0,3,sigma,128.1199711609192
0,7.8958,0,0,,pink,,3,sigma,100.40959083601247
0,8.6625,0,0,,pink,33.0,3,gamma,79.65655500140315
1,7.55,0,0,,blue,23.0,3,sigma,58.29809697232218
0,8.05,0,0,,pink,21.0,3,sigma,65.93297825982224
0,,0,0,,pink,60.5,3,sigma,60.0684040681116
0,7.8958,0,0,,pink,19.0,3,sigma,82.23666678396216
0,9.8375,0,0,,blue,22.0,3,sigma,139.1103804374066
1,7.925,0,0,,pink,31.0,3,sigma,82.17152822085413
0,8.6625,0,0,,pink,27.0,3,sigma,202.04246560454962
0,10.4625,1,0,germain-17,blue,2.0,3,sigma,124.35157929867506
0,10.4625,1,1,germain-17,blue,29.0,3,sigma,87.43326249359319
1,8.05,0,0,,pink,16.0,3,sigma,142.89771122703968
1,7.925,0,0,,pink,44.0,3,sigma,109.9195876954318
0,7.05,0,0,,pink,25.0,3,sigma,77.88573268697357
0,7.775,0,0,,pink,74.0,3,sigma,65.70938736310464
1,9.225,0,0,,pink,14.0,3,sigma,182.84654036780853
0,7.7958,0,0,,pink,24.0,3,sigma,-11.19755770149365
1,7.7958,0,0,,pink,25.0,3,sigma,117.16771960460096
0,8.05,0,0,,pink,34.0,3,sigma,63.2276976053129
1,8.5167,1,0,,pink,0.4167,3,gamma,93.31501617369508
0,6.4375,0,1,,pink,,3,gamma,164.45293118739895
0,6.4375,0,0,,pink,,3,gamma,136.59822269050585
0,7.225,0,0,,pink,,3,gamma,124.8937385033224
1,8.5167,1,1,,blue,16.0,3,gamma,171.75330375525633
0,8.05,0,0,,pink,,3,sigma,121.41963544254348
0,16.1,0,1,,pink,,3,sigma,101.60909199014043
1,16.1,0,1,,blue,,3,sigma,141.19001525020872
0,7.925,0,0,,pink,32.0,3,sigma,76.24792993395062
0,7.75,0,0,fermat-49,pink,,3,qoph,-1.3898724177925885
0,7.8958,0,0,,pink,,3,sigma,110.54049871050017
0,8.05,0,0,,pink,30.5,3,sigma,123.61031362984336
0,8.05,0,0,,pink,44.0,3,sigma,73.2333156033031
0,7.2292,0,0,,pink,,3,gamma,185.43155390049094
1,0.0,0,0,,pink,25.0,3,sigma,-57.341835651377835
0,7.2292,0,0,,pink,,3,gamma,103.61533873641227
1,15.2458,1,1,,pink,7.0,3,gamma,81.29936480015444
1,15.2458,1,1,,blue,9.0,3,gamma,69.42199565953779
1,15.2458,2,0,,blue,29.0,3,gamma,88.62127009073146
0,7.8958,0,0,,pink,36.0,3,sigma,86.3552343152046
1,9.8417,0,0,,blue,18.0,3,sigma,157.1510246629433
1,9.5875,0,0,,blue,63.0,3,sigma,94.32011514460794
0,14.5,1,1,,pink,,3,sigma,112.5580254911372
0,14.5,1,1,,pink,11.5,3,sigma,101.20695255907344
0,14.5,2,0,,pink,40.5,3,sigma,6.170920502295445
0,24.15,2,0,,blue,10.0,3,sigma,73.72310398414373
0,24.15,1,1,,pink,36.0,3,sigma,124.82106094517732
0,24.15,1,1,,blue,30.0,3,sigma,102.49299683449198
0,9.5,0,0,,pink,,3,sigma,136.60201240268736
0,9.5,0,0,,pink,33.0,3,sigma,116.0703810053006
0,9.5,0,0,,pink,28.0,3,sigma,118.64904569917407
0,9.5,0,0,,pink,28.0,3,sigma,13.87251704490761
0,9.0,0,0,,pink,47.0,3,sigma,81.70658338463912
0,18.0,0,2,,blue,18.0,3,sigma,85.64894902499859
0,18.0,0,3,,pink,31.0,3,sigma,8.883219667249534
0,18.0,0,2,,pink,16.0,3,sigma,104.27148050999845
0,18.0,0,1,,blue,31.0,3,sigma,197.91264427197646
1,7.225,0,0,,pink,22.0,3,gamma,83.44984737478481
0,7.8542,0,0,,pink,20.0,3,sigma,184.1212214674705
0,7.8542,0,0,,blue,14.0,3,sigma,188.6742308786996
0,7.8958,0,0,,pink,22.0,3,sigma,115.47680150783687
0,9.0,0,0,,pink,22.0,3,sigma,125.94917630545562
0,8.05,0,0,,pink,,3,sigma,141.74901139204178
0,7.55,0,0,,pink,,3,sigma,102.98537866565742
0,8.05,0,0,,pink,,3,sigma,60.00561013984437
0,9.5,0,0,,pink,32.5,3,sigma,64.42924357031599
1,7.2292,0,0,,blue,38.0,3,gamma,112.7844526786034
0,7.75,0,0,,pink,51.0,3,sigma,104.95418922304843
0,6.4958,0,1,,pink,18.0,3,sigma,184.63442155885778
0,6.4958,0,1,,pink,21.0,3,sigma,85.26928699299859
1,7.0,0,1,,blue,47.0,3,sigma,104.8860095758501
0,8.7125,0,0,,pink,,3,sigma,192.99640647066664
0,7.55,0,0,,pink,,3,sigma,130.78790280584582
0,8.05,0,0,,pink,,3,sigma,72.57503541829095
0,16.1,0,0,,pink,28.5,3,sigma,42.96808447977492
0,7.25,0,0,,pink,21.0,3,sigma,76.91116921800119
0,8.6625,0,0,,pink,27.0,3,sigma,116.95450679944176
0,7.25,0,0,,pink,,3,sigma,79.30561834517611
0,9.5,0,0,,pink,36.0,3,sigma,72.8566313105469
0,14.4542,0,1,,pink,27.0,3,gamma,160.4670307052987
1,14.4542,0,1,,blue,15.0,3,gamma,150.45720390426874
0,7.225,0,0,,pink,45.5,3,gamma,187.29647633257775
0,7.225,0,0,,pink,,3,gamma,38.320610375350796
0,14.4583,0,0,,pink,,3,gamma,138.92289209108012
0,14.4542,0,1,,blue,14.5,3,gamma,122.07132122310615
0,14.4542,0,1,,blue,,3,gamma,100.2397006218997
0,7.225,0,0,,pink,26.5,3,gamma,70.56703462590013
0,7.225,0,0,,pink,27.0,3,gamma,94.71897286215324
0,7.875,0,0,,pink,29.0,3,sigma,102.02512569471413
